plate_id,time_s,well,signal,source_file,row,polymer_id,sample_name
plate1,6.0,A1,46.0,testdata_251109-GOx-1.csv,A,GOx,
plate1,36.0,A1,256.0,testdata_251109-GOx-1.csv,A,GOx,
plate1,66.0,A1,438.0,testdata_251109-GOx-1.csv,A,GOx,
plate1,96.0,A1,566.0,testdata_251109-GOx-1.csv,A,GOx,
plate1,126.0,A1,632.0,testdata_251109-GOx-1.csv,A,GOx,
plate1,156.0,A1,752.0,testdata_251109-GOx-1.csv,A,GOx,
plate1,186.0,A1,730.0,testdata_251109-GOx-1.csv,A,GOx,
plate1,216.0,A1,696.0,testdata_251109-GOx-1.csv,A,GOx,
plate1,246.0,A1,658.0,testdata_251109-GOx-1.csv,A,GOx,
plate1,276.0,A1,642.0,testdata_251109-GOx-1.csv,A,GOx,
plate1,306.0,A1,546.0,testdata_251109-GOx-1.csv,A,GOx,
plate1,336.0,A1,486.0,testdata_251109-GOx-1.csv,A,GOx,
plate1,366.0,A1,474.0,testdata_251109-GOx-1.csv,A,GOx,
plate1,396.0,A1,444.0,testdata_251109-GOx-1.csv,A,GOx,
plate1,426.0,A1,412.0,testdata_251109-GOx-1.csv,A,GOx,
plate1,456.0,A1,340.0,testdata_251109-GOx-1.csv,A,GOx,
plate1,486.0,A1,304.0,testdata_251109-GOx-1.csv,A,GOx,
plate1,516.0,A1,298.0,testdata_251109-GOx-1.csv,A,GOx,
plate1,546.0,A1,282.0,testdata_251109-GOx-1.csv,A,GOx,
plate1,576.0,A1,276.0,testdata_251109-GOx-1.csv,A,GOx,
plate1,606.0,A1,260.0,testdata_251109-GOx-1.csv,A,GOx,
plate1,6.0,A2,74.0,testdata_251109-GOx-1.csv,A,GOx,
plate1,36.0,A2,294.0,testdata_251109-GOx-1.csv,A,GOx,
plate1,66.0,A2,368.0,testdata_251109-GOx-1.csv,A,GOx,
plate1,96.0,A2,478.0,testdata_251109-GOx-1.csv,A,GOx,
plate1,126.0,A2,648.0,testdata_251109-GOx-1.csv,A,GOx,
plate1,156.0,A2,652.0,testdata_251109-GOx-1.csv,A,GOx,
plate1,186.0,A2,744.0,testdata_251109-GOx-1.csv,A,GOx,
plate1,216.0,A2,802.0,testdata_251109-GOx-1.csv,A,GOx,
plate1,246.0,A2,704.0,testdata_251109-GOx-1.csv,A,GOx,
plate1,276.0,A2,634.0,testdata_251109-GOx-1.csv,A,GOx,
plate1,306.0,A2,574.0,testdata_251109-GOx-1.csv,A,GOx,
plate1,336.0,A2,576.0,testdata_251109-GOx-1.csv,A,GOx,
plate1,366.0,A2,514.0,testdata_251109-GOx-1.csv,A,GOx,
plate1,396.0,A2,476.0,testdata_251109-GOx-1.csv,A,GOx,
plate1,426.0,A2,448.0,testdata_251109-GOx-1.csv,A,GOx,
plate1,456.0,A2,362.0,testdata_251109-GOx-1.csv,A,GOx,
plate1,486.0,A2,306.0,testdata_251109-GOx-1.csv,A,GOx,
plate1,516.0,A2,350.0,testdata_251109-GOx-1.csv,A,GOx,
plate1,546.0,A2,302.0,testdata_251109-GOx-1.csv,A,GOx,
plate1,576.0,A2,302.0,testdata_251109-GOx-1.csv,A,GOx,
plate1,606.0,A2,270.0,testdata_251109-GOx-1.csv,A,GOx,
plate1,6.0,A3,82.0,testdata_251109-GOx-1.csv,A,GOx,
plate1,36.0,A3,212.0,testdata_251109-GOx-1.csv,A,GOx,
plate1,66.0,A3,308.0,testdata_251109-GOx-1.csv,A,GOx,
plate1,96.0,A3,382.0,testdata_251109-GOx-1.csv,A,GOx,
plate1,126.0,A3,530.0,testdata_251109-GOx-1.csv,A,GOx,
plate1,156.0,A3,586.0,testdata_251109-GOx-1.csv,A,GOx,
plate1,186.0,A3,696.0,testdata_251109-GOx-1.csv,A,GOx,
plate1,216.0,A3,738.0,testdata_251109-GOx-1.csv,A,GOx,
plate1,246.0,A3,774.0,testdata_251109-GOx-1.csv,A,GOx,
plate1,276.0,A3,762.0,testdata_251109-GOx-1.csv,A,GOx,
plate1,306.0,A3,704.0,testdata_251109-GOx-1.csv,A,GOx,
plate1,336.0,A3,630.0,testdata_251109-GOx-1.csv,A,GOx,
plate1,366.0,A3,596.0,testdata_251109-GOx-1.csv,A,GOx,
plate1,396.0,A3,536.0,testdata_251109-GOx-1.csv,A,GOx,
plate1,426.0,A3,508.0,testdata_251109-GOx-1.csv,A,GOx,
plate1,456.0,A3,462.0,testdata_251109-GOx-1.csv,A,GOx,
plate1,486.0,A3,422.0,testdata_251109-GOx-1.csv,A,GOx,
plate1,516.0,A3,390.0,testdata_251109-GOx-1.csv,A,GOx,
plate1,546.0,A3,384.0,testdata_251109-GOx-1.csv,A,GOx,
plate1,576.0,A3,316.0,testdata_251109-GOx-1.csv,A,GOx,
plate1,606.0,A3,308.0,testdata_251109-GOx-1.csv,A,GOx,
plate1,6.0,A4,82.0,testdata_251109-GOx-1.csv,A,GOx,
plate1,36.0,A4,198.0,testdata_251109-GOx-1.csv,A,GOx,
plate1,66.0,A4,236.0,testdata_251109-GOx-1.csv,A,GOx,
plate1,96.0,A4,342.0,testdata_251109-GOx-1.csv,A,GOx,
plate1,126.0,A4,408.0,testdata_251109-GOx-1.csv,A,GOx,
plate1,156.0,A4,508.0,testdata_251109-GOx-1.csv,A,GOx,
plate1,186.0,A4,570.0,testdata_251109-GOx-1.csv,A,GOx,
plate1,216.0,A4,620.0,testdata_251109-GOx-1.csv,A,GOx,
plate1,246.0,A4,716.0,testdata_251109-GOx-1.csv,A,GOx,
plate1,276.0,A4,736.0,testdata_251109-GOx-1.csv,A,GOx,
plate1,306.0,A4,740.0,testdata_251109-GOx-1.csv,A,GOx,
plate1,336.0,A4,744.0,testdata_251109-GOx-1.csv,A,GOx,
plate1,366.0,A4,686.0,testdata_251109-GOx-1.csv,A,GOx,
plate1,396.0,A4,638.0,testdata_251109-GOx-1.csv,A,GOx,
plate1,426.0,A4,592.0,testdata_251109-GOx-1.csv,A,GOx,
plate1,456.0,A4,552.0,testdata_251109-GOx-1.csv,A,GOx,
plate1,486.0,A4,496.0,testdata_251109-GOx-1.csv,A,GOx,
plate1,516.0,A4,536.0,testdata_251109-GOx-1.csv,A,GOx,
plate1,546.0,A4,416.0,testdata_251109-GOx-1.csv,A,GOx,
plate1,576.0,A4,368.0,testdata_251109-GOx-1.csv,A,GOx,
plate1,606.0,A4,364.0,testdata_251109-GOx-1.csv,A,GOx,
plate1,6.0,A5,94.0,testdata_251109-GOx-1.csv,A,GOx,
plate1,36.0,A5,138.0,testdata_251109-GOx-1.csv,A,GOx,
plate1,66.0,A5,236.0,testdata_251109-GOx-1.csv,A,GOx,
plate1,96.0,A5,300.0,testdata_251109-GOx-1.csv,A,GOx,
plate1,126.0,A5,348.0,testdata_251109-GOx-1.csv,A,GOx,
plate1,156.0,A5,406.0,testdata_251109-GOx-1.csv,A,GOx,
plate1,186.0,A5,464.0,testdata_251109-GOx-1.csv,A,GOx,
plate1,216.0,A5,548.0,testdata_251109-GOx-1.csv,A,GOx,
plate1,246.0,A5,576.0,testdata_251109-GOx-1.csv,A,GOx,
plate1,276.0,A5,602.0,testdata_251109-GOx-1.csv,A,GOx,
plate1,306.0,A5,710.0,testdata_251109-GOx-1.csv,A,GOx,
plate1,336.0,A5,692.0,testdata_251109-GOx-1.csv,A,GOx,
plate1,366.0,A5,744.0,testdata_251109-GOx-1.csv,A,GOx,
plate1,396.0,A5,778.0,testdata_251109-GOx-1.csv,A,GOx,
plate1,426.0,A5,724.0,testdata_251109-GOx-1.csv,A,GOx,
plate1,456.0,A5,698.0,testdata_251109-GOx-1.csv,A,GOx,
plate1,486.0,A5,738.0,testdata_251109-GOx-1.csv,A,GOx,
plate1,516.0,A5,658.0,testdata_251109-GOx-1.csv,A,GOx,
plate1,546.0,A5,576.0,testdata_251109-GOx-1.csv,A,GOx,
plate1,576.0,A5,552.0,testdata_251109-GOx-1.csv,A,GOx,
plate1,606.0,A5,564.0,testdata_251109-GOx-1.csv,A,GOx,
plate1,6.0,A6,46.0,testdata_251109-GOx-1.csv,A,GOx,
plate1,36.0,A6,64.0,testdata_251109-GOx-1.csv,A,GOx,
plate1,66.0,A6,106.0,testdata_251109-GOx-1.csv,A,GOx,
plate1,96.0,A6,152.0,testdata_251109-GOx-1.csv,A,GOx,
plate1,126.0,A6,166.0,testdata_251109-GOx-1.csv,A,GOx,
plate1,156.0,A6,222.0,testdata_251109-GOx-1.csv,A,GOx,
plate1,186.0,A6,228.0,testdata_251109-GOx-1.csv,A,GOx,
plate1,216.0,A6,280.0,testdata_251109-GOx-1.csv,A,GOx,
plate1,246.0,A6,314.0,testdata_251109-GOx-1.csv,A,GOx,
plate1,276.0,A6,320.0,testdata_251109-GOx-1.csv,A,GOx,
plate1,306.0,A6,360.0,testdata_251109-GOx-1.csv,A,GOx,
plate1,336.0,A6,392.0,testdata_251109-GOx-1.csv,A,GOx,
plate1,366.0,A6,396.0,testdata_251109-GOx-1.csv,A,GOx,
plate1,396.0,A6,484.0,testdata_251109-GOx-1.csv,A,GOx,
plate1,426.0,A6,464.0,testdata_251109-GOx-1.csv,A,GOx,
plate1,456.0,A6,480.0,testdata_251109-GOx-1.csv,A,GOx,
plate1,486.0,A6,524.0,testdata_251109-GOx-1.csv,A,GOx,
plate1,516.0,A6,556.0,testdata_251109-GOx-1.csv,A,GOx,
plate1,546.0,A6,536.0,testdata_251109-GOx-1.csv,A,GOx,
plate1,576.0,A6,594.0,testdata_251109-GOx-1.csv,A,GOx,
plate1,606.0,A6,660.0,testdata_251109-GOx-1.csv,A,GOx,
plate1,6.0,A7,30.0,testdata_251109-GOx-1.csv,A,GOx,
plate1,36.0,A7,52.0,testdata_251109-GOx-1.csv,A,GOx,
plate1,66.0,A7,78.0,testdata_251109-GOx-1.csv,A,GOx,
plate1,96.0,A7,84.0,testdata_251109-GOx-1.csv,A,GOx,
plate1,126.0,A7,92.0,testdata_251109-GOx-1.csv,A,GOx,
plate1,156.0,A7,112.0,testdata_251109-GOx-1.csv,A,GOx,
plate1,186.0,A7,132.0,testdata_251109-GOx-1.csv,A,GOx,
plate1,216.0,A7,124.0,testdata_251109-GOx-1.csv,A,GOx,
plate1,246.0,A7,180.0,testdata_251109-GOx-1.csv,A,GOx,
plate1,276.0,A7,170.0,testdata_251109-GOx-1.csv,A,GOx,
plate1,306.0,A7,192.0,testdata_251109-GOx-1.csv,A,GOx,
plate1,336.0,A7,224.0,testdata_251109-GOx-1.csv,A,GOx,
plate1,366.0,A7,278.0,testdata_251109-GOx-1.csv,A,GOx,
plate1,396.0,A7,270.0,testdata_251109-GOx-1.csv,A,GOx,
plate1,426.0,A7,296.0,testdata_251109-GOx-1.csv,A,GOx,
plate1,456.0,A7,290.0,testdata_251109-GOx-1.csv,A,GOx,
plate1,486.0,A7,312.0,testdata_251109-GOx-1.csv,A,GOx,
plate1,516.0,A7,338.0,testdata_251109-GOx-1.csv,A,GOx,
plate1,546.0,A7,298.0,testdata_251109-GOx-1.csv,A,GOx,
plate1,576.0,A7,334.0,testdata_251109-GOx-1.csv,A,GOx,
plate1,606.0,A7,348.0,testdata_251109-GOx-1.csv,A,GOx,
plate1,6.0,B1,68.0,testdata_251109-GOx-1.csv,B,PMPC,
plate1,36.0,B1,270.0,testdata_251109-GOx-1.csv,B,PMPC,
plate1,66.0,B1,382.0,testdata_251109-GOx-1.csv,B,PMPC,
plate1,96.0,B1,524.0,testdata_251109-GOx-1.csv,B,PMPC,
plate1,126.0,B1,658.0,testdata_251109-GOx-1.csv,B,PMPC,
plate1,156.0,B1,692.0,testdata_251109-GOx-1.csv,B,PMPC,
plate1,186.0,B1,782.0,testdata_251109-GOx-1.csv,B,PMPC,
plate1,216.0,B1,624.0,testdata_251109-GOx-1.csv,B,PMPC,
plate1,246.0,B1,614.0,testdata_251109-GOx-1.csv,B,PMPC,
plate1,276.0,B1,524.0,testdata_251109-GOx-1.csv,B,PMPC,
plate1,306.0,B1,544.0,testdata_251109-GOx-1.csv,B,PMPC,
plate1,336.0,B1,484.0,testdata_251109-GOx-1.csv,B,PMPC,
plate1,366.0,B1,474.0,testdata_251109-GOx-1.csv,B,PMPC,
plate1,396.0,B1,352.0,testdata_251109-GOx-1.csv,B,PMPC,
plate1,426.0,B1,406.0,testdata_251109-GOx-1.csv,B,PMPC,
plate1,456.0,B1,316.0,testdata_251109-GOx-1.csv,B,PMPC,
plate1,486.0,B1,318.0,testdata_251109-GOx-1.csv,B,PMPC,
plate1,516.0,B1,322.0,testdata_251109-GOx-1.csv,B,PMPC,
plate1,546.0,B1,264.0,testdata_251109-GOx-1.csv,B,PMPC,
plate1,576.0,B1,248.0,testdata_251109-GOx-1.csv,B,PMPC,
plate1,606.0,B1,216.0,testdata_251109-GOx-1.csv,B,PMPC,
plate1,6.0,B2,36.0,testdata_251109-GOx-1.csv,B,PMPC,
plate1,36.0,B2,202.0,testdata_251109-GOx-1.csv,B,PMPC,
plate1,66.0,B2,316.0,testdata_251109-GOx-1.csv,B,PMPC,
plate1,96.0,B2,444.0,testdata_251109-GOx-1.csv,B,PMPC,
plate1,126.0,B2,514.0,testdata_251109-GOx-1.csv,B,PMPC,
plate1,156.0,B2,638.0,testdata_251109-GOx-1.csv,B,PMPC,
plate1,186.0,B2,766.0,testdata_251109-GOx-1.csv,B,PMPC,
plate1,216.0,B2,714.0,testdata_251109-GOx-1.csv,B,PMPC,
plate1,246.0,B2,762.0,testdata_251109-GOx-1.csv,B,PMPC,
plate1,276.0,B2,648.0,testdata_251109-GOx-1.csv,B,PMPC,
plate1,306.0,B2,688.0,testdata_251109-GOx-1.csv,B,PMPC,
plate1,336.0,B2,594.0,testdata_251109-GOx-1.csv,B,PMPC,
plate1,366.0,B2,546.0,testdata_251109-GOx-1.csv,B,PMPC,
plate1,396.0,B2,472.0,testdata_251109-GOx-1.csv,B,PMPC,
plate1,426.0,B2,482.0,testdata_251109-GOx-1.csv,B,PMPC,
plate1,456.0,B2,364.0,testdata_251109-GOx-1.csv,B,PMPC,
plate1,486.0,B2,372.0,testdata_251109-GOx-1.csv,B,PMPC,
plate1,516.0,B2,382.0,testdata_251109-GOx-1.csv,B,PMPC,
plate1,546.0,B2,322.0,testdata_251109-GOx-1.csv,B,PMPC,
plate1,576.0,B2,328.0,testdata_251109-GOx-1.csv,B,PMPC,
plate1,606.0,B2,288.0,testdata_251109-GOx-1.csv,B,PMPC,
plate1,6.0,B3,28.0,testdata_251109-GOx-1.csv,B,PMPC,
plate1,36.0,B3,186.0,testdata_251109-GOx-1.csv,B,PMPC,
plate1,66.0,B3,290.0,testdata_251109-GOx-1.csv,B,PMPC,
plate1,96.0,B3,308.0,testdata_251109-GOx-1.csv,B,PMPC,
plate1,126.0,B3,486.0,testdata_251109-GOx-1.csv,B,PMPC,
plate1,156.0,B3,576.0,testdata_251109-GOx-1.csv,B,PMPC,
plate1,186.0,B3,634.0,testdata_251109-GOx-1.csv,B,PMPC,
plate1,216.0,B3,696.0,testdata_251109-GOx-1.csv,B,PMPC,
plate1,246.0,B3,708.0,testdata_251109-GOx-1.csv,B,PMPC,
plate1,276.0,B3,772.0,testdata_251109-GOx-1.csv,B,PMPC,
plate1,306.0,B3,728.0,testdata_251109-GOx-1.csv,B,PMPC,
plate1,336.0,B3,666.0,testdata_251109-GOx-1.csv,B,PMPC,
plate1,366.0,B3,622.0,testdata_251109-GOx-1.csv,B,PMPC,
plate1,396.0,B3,558.0,testdata_251109-GOx-1.csv,B,PMPC,
plate1,426.0,B3,488.0,testdata_251109-GOx-1.csv,B,PMPC,
plate1,456.0,B3,488.0,testdata_251109-GOx-1.csv,B,PMPC,
plate1,486.0,B3,486.0,testdata_251109-GOx-1.csv,B,PMPC,
plate1,516.0,B3,388.0,testdata_251109-GOx-1.csv,B,PMPC,
plate1,546.0,B3,364.0,testdata_251109-GOx-1.csv,B,PMPC,
plate1,576.0,B3,362.0,testdata_251109-GOx-1.csv,B,PMPC,
plate1,606.0,B3,302.0,testdata_251109-GOx-1.csv,B,PMPC,
plate1,6.0,B4,46.0,testdata_251109-GOx-1.csv,B,PMPC,
plate1,36.0,B4,114.0,testdata_251109-GOx-1.csv,B,PMPC,
plate1,66.0,B4,208.0,testdata_251109-GOx-1.csv,B,PMPC,
plate1,96.0,B4,270.0,testdata_251109-GOx-1.csv,B,PMPC,
plate1,126.0,B4,326.0,testdata_251109-GOx-1.csv,B,PMPC,
plate1,156.0,B4,386.0,testdata_251109-GOx-1.csv,B,PMPC,
plate1,186.0,B4,444.0,testdata_251109-GOx-1.csv,B,PMPC,
plate1,216.0,B4,514.0,testdata_251109-GOx-1.csv,B,PMPC,
plate1,246.0,B4,558.0,testdata_251109-GOx-1.csv,B,PMPC,
plate1,276.0,B4,604.0,testdata_251109-GOx-1.csv,B,PMPC,
plate1,306.0,B4,694.0,testdata_251109-GOx-1.csv,B,PMPC,
plate1,336.0,B4,700.0,testdata_251109-GOx-1.csv,B,PMPC,
plate1,366.0,B4,832.0,testdata_251109-GOx-1.csv,B,PMPC,
plate1,396.0,B4,778.0,testdata_251109-GOx-1.csv,B,PMPC,
plate1,426.0,B4,764.0,testdata_251109-GOx-1.csv,B,PMPC,
plate1,456.0,B4,760.0,testdata_251109-GOx-1.csv,B,PMPC,
plate1,486.0,B4,686.0,testdata_251109-GOx-1.csv,B,PMPC,
plate1,516.0,B4,652.0,testdata_251109-GOx-1.csv,B,PMPC,
plate1,546.0,B4,574.0,testdata_251109-GOx-1.csv,B,PMPC,
plate1,576.0,B4,568.0,testdata_251109-GOx-1.csv,B,PMPC,
plate1,606.0,B4,488.0,testdata_251109-GOx-1.csv,B,PMPC,
plate1,6.0,B5,32.0,testdata_251109-GOx-1.csv,B,PMPC,
plate1,36.0,B5,124.0,testdata_251109-GOx-1.csv,B,PMPC,
plate1,66.0,B5,188.0,testdata_251109-GOx-1.csv,B,PMPC,
plate1,96.0,B5,236.0,testdata_251109-GOx-1.csv,B,PMPC,
plate1,126.0,B5,314.0,testdata_251109-GOx-1.csv,B,PMPC,
plate1,156.0,B5,320.0,testdata_251109-GOx-1.csv,B,PMPC,
plate1,186.0,B5,366.0,testdata_251109-GOx-1.csv,B,PMPC,
plate1,216.0,B5,404.0,testdata_251109-GOx-1.csv,B,PMPC,
plate1,246.0,B5,490.0,testdata_251109-GOx-1.csv,B,PMPC,
plate1,276.0,B5,498.0,testdata_251109-GOx-1.csv,B,PMPC,
plate1,306.0,B5,566.0,testdata_251109-GOx-1.csv,B,PMPC,
plate1,336.0,B5,620.0,testdata_251109-GOx-1.csv,B,PMPC,
plate1,366.0,B5,638.0,testdata_251109-GOx-1.csv,B,PMPC,
plate1,396.0,B5,704.0,testdata_251109-GOx-1.csv,B,PMPC,
plate1,426.0,B5,744.0,testdata_251109-GOx-1.csv,B,PMPC,
plate1,456.0,B5,742.0,testdata_251109-GOx-1.csv,B,PMPC,
plate1,486.0,B5,744.0,testdata_251109-GOx-1.csv,B,PMPC,
plate1,516.0,B5,738.0,testdata_251109-GOx-1.csv,B,PMPC,
plate1,546.0,B5,712.0,testdata_251109-GOx-1.csv,B,PMPC,
plate1,576.0,B5,636.0,testdata_251109-GOx-1.csv,B,PMPC,
plate1,606.0,B5,642.0,testdata_251109-GOx-1.csv,B,PMPC,
plate1,6.0,B6,26.0,testdata_251109-GOx-1.csv,B,PMPC,
plate1,36.0,B6,72.0,testdata_251109-GOx-1.csv,B,PMPC,
plate1,66.0,B6,96.0,testdata_251109-GOx-1.csv,B,PMPC,
plate1,96.0,B6,104.0,testdata_251109-GOx-1.csv,B,PMPC,
plate1,126.0,B6,166.0,testdata_251109-GOx-1.csv,B,PMPC,
plate1,156.0,B6,190.0,testdata_251109-GOx-1.csv,B,PMPC,
plate1,186.0,B6,202.0,testdata_251109-GOx-1.csv,B,PMPC,
plate1,216.0,B6,224.0,testdata_251109-GOx-1.csv,B,PMPC,
plate1,246.0,B6,270.0,testdata_251109-GOx-1.csv,B,PMPC,
plate1,276.0,B6,278.0,testdata_251109-GOx-1.csv,B,PMPC,
plate1,306.0,B6,334.0,testdata_251109-GOx-1.csv,B,PMPC,
plate1,336.0,B6,374.0,testdata_251109-GOx-1.csv,B,PMPC,
plate1,366.0,B6,370.0,testdata_251109-GOx-1.csv,B,PMPC,
plate1,396.0,B6,402.0,testdata_251109-GOx-1.csv,B,PMPC,
plate1,426.0,B6,442.0,testdata_251109-GOx-1.csv,B,PMPC,
plate1,456.0,B6,420.0,testdata_251109-GOx-1.csv,B,PMPC,
plate1,486.0,B6,508.0,testdata_251109-GOx-1.csv,B,PMPC,
plate1,516.0,B6,480.0,testdata_251109-GOx-1.csv,B,PMPC,
plate1,546.0,B6,510.0,testdata_251109-GOx-1.csv,B,PMPC,
plate1,576.0,B6,516.0,testdata_251109-GOx-1.csv,B,PMPC,
plate1,606.0,B6,586.0,testdata_251109-GOx-1.csv,B,PMPC,
plate1,6.0,B7,16.0,testdata_251109-GOx-1.csv,B,PMPC,
plate1,36.0,B7,42.0,testdata_251109-GOx-1.csv,B,PMPC,
plate1,66.0,B7,58.0,testdata_251109-GOx-1.csv,B,PMPC,
plate1,96.0,B7,78.0,testdata_251109-GOx-1.csv,B,PMPC,
plate1,126.0,B7,102.0,testdata_251109-GOx-1.csv,B,PMPC,
plate1,156.0,B7,108.0,testdata_251109-GOx-1.csv,B,PMPC,
plate1,186.0,B7,102.0,testdata_251109-GOx-1.csv,B,PMPC,
plate1,216.0,B7,146.0,testdata_251109-GOx-1.csv,B,PMPC,
plate1,246.0,B7,148.0,testdata_251109-GOx-1.csv,B,PMPC,
plate1,276.0,B7,172.0,testdata_251109-GOx-1.csv,B,PMPC,
plate1,306.0,B7,188.0,testdata_251109-GOx-1.csv,B,PMPC,
plate1,336.0,B7,224.0,testdata_251109-GOx-1.csv,B,PMPC,
plate1,366.0,B7,210.0,testdata_251109-GOx-1.csv,B,PMPC,
plate1,396.0,B7,254.0,testdata_251109-GOx-1.csv,B,PMPC,
plate1,426.0,B7,262.0,testdata_251109-GOx-1.csv,B,PMPC,
plate1,456.0,B7,296.0,testdata_251109-GOx-1.csv,B,PMPC,
plate1,486.0,B7,316.0,testdata_251109-GOx-1.csv,B,PMPC,
plate1,516.0,B7,300.0,testdata_251109-GOx-1.csv,B,PMPC,
plate1,546.0,B7,338.0,testdata_251109-GOx-1.csv,B,PMPC,
plate1,576.0,B7,372.0,testdata_251109-GOx-1.csv,B,PMPC,
plate1,606.0,B7,382.0,testdata_251109-GOx-1.csv,B,PMPC,
plate1,6.0,C1,110.0,testdata_251109-GOx-1.csv,C,PMTAC,
plate1,36.0,C1,300.0,testdata_251109-GOx-1.csv,C,PMTAC,
plate1,66.0,C1,404.0,testdata_251109-GOx-1.csv,C,PMTAC,
plate1,96.0,C1,570.0,testdata_251109-GOx-1.csv,C,PMTAC,
plate1,126.0,C1,686.0,testdata_251109-GOx-1.csv,C,PMTAC,
plate1,156.0,C1,786.0,testdata_251109-GOx-1.csv,C,PMTAC,
plate1,186.0,C1,752.0,testdata_251109-GOx-1.csv,C,PMTAC,
plate1,216.0,C1,690.0,testdata_251109-GOx-1.csv,C,PMTAC,
plate1,246.0,C1,646.0,testdata_251109-GOx-1.csv,C,PMTAC,
plate1,276.0,C1,598.0,testdata_251109-GOx-1.csv,C,PMTAC,
plate1,306.0,C1,482.0,testdata_251109-GOx-1.csv,C,PMTAC,
plate1,336.0,C1,468.0,testdata_251109-GOx-1.csv,C,PMTAC,
plate1,366.0,C1,430.0,testdata_251109-GOx-1.csv,C,PMTAC,
plate1,396.0,C1,394.0,testdata_251109-GOx-1.csv,C,PMTAC,
plate1,426.0,C1,358.0,testdata_251109-GOx-1.csv,C,PMTAC,
plate1,456.0,C1,372.0,testdata_251109-GOx-1.csv,C,PMTAC,
plate1,486.0,C1,280.0,testdata_251109-GOx-1.csv,C,PMTAC,
plate1,516.0,C1,310.0,testdata_251109-GOx-1.csv,C,PMTAC,
plate1,546.0,C1,284.0,testdata_251109-GOx-1.csv,C,PMTAC,
plate1,576.0,C1,246.0,testdata_251109-GOx-1.csv,C,PMTAC,
plate1,606.0,C1,202.0,testdata_251109-GOx-1.csv,C,PMTAC,
plate1,6.0,C2,80.0,testdata_251109-GOx-1.csv,C,PMTAC,
plate1,36.0,C2,256.0,testdata_251109-GOx-1.csv,C,PMTAC,
plate1,66.0,C2,390.0,testdata_251109-GOx-1.csv,C,PMTAC,
plate1,96.0,C2,570.0,testdata_251109-GOx-1.csv,C,PMTAC,
plate1,126.0,C2,614.0,testdata_251109-GOx-1.csv,C,PMTAC,
plate1,156.0,C2,736.0,testdata_251109-GOx-1.csv,C,PMTAC,
plate1,186.0,C2,730.0,testdata_251109-GOx-1.csv,C,PMTAC,
plate1,216.0,C2,792.0,testdata_251109-GOx-1.csv,C,PMTAC,
plate1,246.0,C2,706.0,testdata_251109-GOx-1.csv,C,PMTAC,
plate1,276.0,C2,694.0,testdata_251109-GOx-1.csv,C,PMTAC,
plate1,306.0,C2,568.0,testdata_251109-GOx-1.csv,C,PMTAC,
plate1,336.0,C2,522.0,testdata_251109-GOx-1.csv,C,PMTAC,
plate1,366.0,C2,516.0,testdata_251109-GOx-1.csv,C,PMTAC,
plate1,396.0,C2,448.0,testdata_251109-GOx-1.csv,C,PMTAC,
plate1,426.0,C2,410.0,testdata_251109-GOx-1.csv,C,PMTAC,
plate1,456.0,C2,362.0,testdata_251109-GOx-1.csv,C,PMTAC,
plate1,486.0,C2,330.0,testdata_251109-GOx-1.csv,C,PMTAC,
plate1,516.0,C2,350.0,testdata_251109-GOx-1.csv,C,PMTAC,
plate1,546.0,C2,296.0,testdata_251109-GOx-1.csv,C,PMTAC,
plate1,576.0,C2,260.0,testdata_251109-GOx-1.csv,C,PMTAC,
plate1,606.0,C2,254.0,testdata_251109-GOx-1.csv,C,PMTAC,
plate1,6.0,C3,76.0,testdata_251109-GOx-1.csv,C,PMTAC,
plate1,36.0,C3,206.0,testdata_251109-GOx-1.csv,C,PMTAC,
plate1,66.0,C3,270.0,testdata_251109-GOx-1.csv,C,PMTAC,
plate1,96.0,C3,384.0,testdata_251109-GOx-1.csv,C,PMTAC,
plate1,126.0,C3,462.0,testdata_251109-GOx-1.csv,C,PMTAC,
plate1,156.0,C3,492.0,testdata_251109-GOx-1.csv,C,PMTAC,
plate1,186.0,C3,600.0,testdata_251109-GOx-1.csv,C,PMTAC,
plate1,216.0,C3,686.0,testdata_251109-GOx-1.csv,C,PMTAC,
plate1,246.0,C3,656.0,testdata_251109-GOx-1.csv,C,PMTAC,
plate1,276.0,C3,788.0,testdata_251109-GOx-1.csv,C,PMTAC,
plate1,306.0,C3,748.0,testdata_251109-GOx-1.csv,C,PMTAC,
plate1,336.0,C3,718.0,testdata_251109-GOx-1.csv,C,PMTAC,
plate1,366.0,C3,640.0,testdata_251109-GOx-1.csv,C,PMTAC,
plate1,396.0,C3,588.0,testdata_251109-GOx-1.csv,C,PMTAC,
plate1,426.0,C3,510.0,testdata_251109-GOx-1.csv,C,PMTAC,
plate1,456.0,C3,484.0,testdata_251109-GOx-1.csv,C,PMTAC,
plate1,486.0,C3,464.0,testdata_251109-GOx-1.csv,C,PMTAC,
plate1,516.0,C3,430.0,testdata_251109-GOx-1.csv,C,PMTAC,
plate1,546.0,C3,396.0,testdata_251109-GOx-1.csv,C,PMTAC,
plate1,576.0,C3,356.0,testdata_251109-GOx-1.csv,C,PMTAC,
plate1,606.0,C3,318.0,testdata_251109-GOx-1.csv,C,PMTAC,
plate1,6.0,C4,86.0,testdata_251109-GOx-1.csv,C,PMTAC,
plate1,36.0,C4,144.0,testdata_251109-GOx-1.csv,C,PMTAC,
plate1,66.0,C4,232.0,testdata_251109-GOx-1.csv,C,PMTAC,
plate1,96.0,C4,276.0,testdata_251109-GOx-1.csv,C,PMTAC,
plate1,126.0,C4,356.0,testdata_251109-GOx-1.csv,C,PMTAC,
plate1,156.0,C4,368.0,testdata_251109-GOx-1.csv,C,PMTAC,
plate1,186.0,C4,470.0,testdata_251109-GOx-1.csv,C,PMTAC,
plate1,216.0,C4,520.0,testdata_251109-GOx-1.csv,C,PMTAC,
plate1,246.0,C4,620.0,testdata_251109-GOx-1.csv,C,PMTAC,
plate1,276.0,C4,588.0,testdata_251109-GOx-1.csv,C,PMTAC,
plate1,306.0,C4,658.0,testdata_251109-GOx-1.csv,C,PMTAC,
plate1,336.0,C4,746.0,testdata_251109-GOx-1.csv,C,PMTAC,
plate1,366.0,C4,768.0,testdata_251109-GOx-1.csv,C,PMTAC,
plate1,396.0,C4,790.0,testdata_251109-GOx-1.csv,C,PMTAC,
plate1,426.0,C4,798.0,testdata_251109-GOx-1.csv,C,PMTAC,
plate1,456.0,C4,730.0,testdata_251109-GOx-1.csv,C,PMTAC,
plate1,486.0,C4,668.0,testdata_251109-GOx-1.csv,C,PMTAC,
plate1,516.0,C4,598.0,testdata_251109-GOx-1.csv,C,PMTAC,
plate1,546.0,C4,580.0,testdata_251109-GOx-1.csv,C,PMTAC,
plate1,576.0,C4,548.0,testdata_251109-GOx-1.csv,C,PMTAC,
plate1,606.0,C4,460.0,testdata_251109-GOx-1.csv,C,PMTAC,
plate1,6.0,C5,46.0,testdata_251109-GOx-1.csv,C,PMTAC,
plate1,36.0,C5,120.0,testdata_251109-GOx-1.csv,C,PMTAC,
plate1,66.0,C5,180.0,testdata_251109-GOx-1.csv,C,PMTAC,
plate1,96.0,C5,218.0,testdata_251109-GOx-1.csv,C,PMTAC,
plate1,126.0,C5,268.0,testdata_251109-GOx-1.csv,C,PMTAC,
plate1,156.0,C5,338.0,testdata_251109-GOx-1.csv,C,PMTAC,
plate1,186.0,C5,316.0,testdata_251109-GOx-1.csv,C,PMTAC,
plate1,216.0,C5,394.0,testdata_251109-GOx-1.csv,C,PMTAC,
plate1,246.0,C5,436.0,testdata_251109-GOx-1.csv,C,PMTAC,
plate1,276.0,C5,476.0,testdata_251109-GOx-1.csv,C,PMTAC,
plate1,306.0,C5,562.0,testdata_251109-GOx-1.csv,C,PMTAC,
plate1,336.0,C5,624.0,testdata_251109-GOx-1.csv,C,PMTAC,
plate1,366.0,C5,602.0,testdata_251109-GOx-1.csv,C,PMTAC,
plate1,396.0,C5,688.0,testdata_251109-GOx-1.csv,C,PMTAC,
plate1,426.0,C5,670.0,testdata_251109-GOx-1.csv,C,PMTAC,
plate1,456.0,C5,722.0,testdata_251109-GOx-1.csv,C,PMTAC,
plate1,486.0,C5,792.0,testdata_251109-GOx-1.csv,C,PMTAC,
plate1,516.0,C5,810.0,testdata_251109-GOx-1.csv,C,PMTAC,
plate1,546.0,C5,826.0,testdata_251109-GOx-1.csv,C,PMTAC,
plate1,576.0,C5,690.0,testdata_251109-GOx-1.csv,C,PMTAC,
plate1,606.0,C5,760.0,testdata_251109-GOx-1.csv,C,PMTAC,
plate1,6.0,C6,36.0,testdata_251109-GOx-1.csv,C,PMTAC,
plate1,36.0,C6,42.0,testdata_251109-GOx-1.csv,C,PMTAC,
plate1,66.0,C6,94.0,testdata_251109-GOx-1.csv,C,PMTAC,
plate1,96.0,C6,114.0,testdata_251109-GOx-1.csv,C,PMTAC,
plate1,126.0,C6,120.0,testdata_251109-GOx-1.csv,C,PMTAC,
plate1,156.0,C6,134.0,testdata_251109-GOx-1.csv,C,PMTAC,
plate1,186.0,C6,172.0,testdata_251109-GOx-1.csv,C,PMTAC,
plate1,216.0,C6,200.0,testdata_251109-GOx-1.csv,C,PMTAC,
plate1,246.0,C6,228.0,testdata_251109-GOx-1.csv,C,PMTAC,
plate1,276.0,C6,206.0,testdata_251109-GOx-1.csv,C,PMTAC,
plate1,306.0,C6,272.0,testdata_251109-GOx-1.csv,C,PMTAC,
plate1,336.0,C6,276.0,testdata_251109-GOx-1.csv,C,PMTAC,
plate1,366.0,C6,270.0,testdata_251109-GOx-1.csv,C,PMTAC,
plate1,396.0,C6,310.0,testdata_251109-GOx-1.csv,C,PMTAC,
plate1,426.0,C6,346.0,testdata_251109-GOx-1.csv,C,PMTAC,
plate1,456.0,C6,366.0,testdata_251109-GOx-1.csv,C,PMTAC,
plate1,486.0,C6,386.0,testdata_251109-GOx-1.csv,C,PMTAC,
plate1,516.0,C6,392.0,testdata_251109-GOx-1.csv,C,PMTAC,
plate1,546.0,C6,454.0,testdata_251109-GOx-1.csv,C,PMTAC,
plate1,576.0,C6,434.0,testdata_251109-GOx-1.csv,C,PMTAC,
plate1,606.0,C6,460.0,testdata_251109-GOx-1.csv,C,PMTAC,
plate1,6.0,C7,40.0,testdata_251109-GOx-1.csv,C,PMTAC,
plate1,36.0,C7,68.0,testdata_251109-GOx-1.csv,C,PMTAC,
plate1,66.0,C7,70.0,testdata_251109-GOx-1.csv,C,PMTAC,
plate1,96.0,C7,74.0,testdata_251109-GOx-1.csv,C,PMTAC,
plate1,126.0,C7,82.0,testdata_251109-GOx-1.csv,C,PMTAC,
plate1,156.0,C7,126.0,testdata_251109-GOx-1.csv,C,PMTAC,
plate1,186.0,C7,148.0,testdata_251109-GOx-1.csv,C,PMTAC,
plate1,216.0,C7,138.0,testdata_251109-GOx-1.csv,C,PMTAC,
plate1,246.0,C7,178.0,testdata_251109-GOx-1.csv,C,PMTAC,
plate1,276.0,C7,182.0,testdata_251109-GOx-1.csv,C,PMTAC,
plate1,306.0,C7,196.0,testdata_251109-GOx-1.csv,C,PMTAC,
plate1,336.0,C7,230.0,testdata_251109-GOx-1.csv,C,PMTAC,
plate1,366.0,C7,236.0,testdata_251109-GOx-1.csv,C,PMTAC,
plate1,396.0,C7,246.0,testdata_251109-GOx-1.csv,C,PMTAC,
plate1,426.0,C7,280.0,testdata_251109-GOx-1.csv,C,PMTAC,
plate1,456.0,C7,266.0,testdata_251109-GOx-1.csv,C,PMTAC,
plate1,486.0,C7,276.0,testdata_251109-GOx-1.csv,C,PMTAC,
plate1,516.0,C7,318.0,testdata_251109-GOx-1.csv,C,PMTAC,
plate1,546.0,C7,328.0,testdata_251109-GOx-1.csv,C,PMTAC,
plate1,576.0,C7,350.0,testdata_251109-GOx-1.csv,C,PMTAC,
plate1,606.0,C7,354.0,testdata_251109-GOx-1.csv,C,PMTAC,
plate1,6.0,D1,180.0,testdata_251109-GOx-1.csv,D,PMBTA-4,
plate1,36.0,D1,382.0,testdata_251109-GOx-1.csv,D,PMBTA-4,
plate1,66.0,D1,582.0,testdata_251109-GOx-1.csv,D,PMBTA-4,
plate1,96.0,D1,750.0,testdata_251109-GOx-1.csv,D,PMBTA-4,
plate1,126.0,D1,808.0,testdata_251109-GOx-1.csv,D,PMBTA-4,
plate1,156.0,D1,694.0,testdata_251109-GOx-1.csv,D,PMBTA-4,
plate1,186.0,D1,638.0,testdata_251109-GOx-1.csv,D,PMBTA-4,
plate1,216.0,D1,596.0,testdata_251109-GOx-1.csv,D,PMBTA-4,
plate1,246.0,D1,552.0,testdata_251109-GOx-1.csv,D,PMBTA-4,
plate1,276.0,D1,510.0,testdata_251109-GOx-1.csv,D,PMBTA-4,
plate1,306.0,D1,450.0,testdata_251109-GOx-1.csv,D,PMBTA-4,
plate1,336.0,D1,404.0,testdata_251109-GOx-1.csv,D,PMBTA-4,
plate1,366.0,D1,396.0,testdata_251109-GOx-1.csv,D,PMBTA-4,
plate1,396.0,D1,384.0,testdata_251109-GOx-1.csv,D,PMBTA-4,
plate1,426.0,D1,344.0,testdata_251109-GOx-1.csv,D,PMBTA-4,
plate1,456.0,D1,328.0,testdata_251109-GOx-1.csv,D,PMBTA-4,
plate1,486.0,D1,256.0,testdata_251109-GOx-1.csv,D,PMBTA-4,
plate1,516.0,D1,246.0,testdata_251109-GOx-1.csv,D,PMBTA-4,
plate1,546.0,D1,228.0,testdata_251109-GOx-1.csv,D,PMBTA-4,
plate1,576.0,D1,186.0,testdata_251109-GOx-1.csv,D,PMBTA-4,
plate1,606.0,D1,218.0,testdata_251109-GOx-1.csv,D,PMBTA-4,
plate1,6.0,D2,162.0,testdata_251109-GOx-1.csv,D,PMBTA-4,
plate1,36.0,D2,360.0,testdata_251109-GOx-1.csv,D,PMBTA-4,
plate1,66.0,D2,576.0,testdata_251109-GOx-1.csv,D,PMBTA-4,
plate1,96.0,D2,710.0,testdata_251109-GOx-1.csv,D,PMBTA-4,
plate1,126.0,D2,838.0,testdata_251109-GOx-1.csv,D,PMBTA-4,
plate1,156.0,D2,740.0,testdata_251109-GOx-1.csv,D,PMBTA-4,
plate1,186.0,D2,690.0,testdata_251109-GOx-1.csv,D,PMBTA-4,
plate1,216.0,D2,586.0,testdata_251109-GOx-1.csv,D,PMBTA-4,
plate1,246.0,D2,582.0,testdata_251109-GOx-1.csv,D,PMBTA-4,
plate1,276.0,D2,540.0,testdata_251109-GOx-1.csv,D,PMBTA-4,
plate1,306.0,D2,542.0,testdata_251109-GOx-1.csv,D,PMBTA-4,
plate1,336.0,D2,446.0,testdata_251109-GOx-1.csv,D,PMBTA-4,
plate1,366.0,D2,450.0,testdata_251109-GOx-1.csv,D,PMBTA-4,
plate1,396.0,D2,430.0,testdata_251109-GOx-1.csv,D,PMBTA-4,
plate1,426.0,D2,362.0,testdata_251109-GOx-1.csv,D,PMBTA-4,
plate1,456.0,D2,350.0,testdata_251109-GOx-1.csv,D,PMBTA-4,
plate1,486.0,D2,286.0,testdata_251109-GOx-1.csv,D,PMBTA-4,
plate1,516.0,D2,268.0,testdata_251109-GOx-1.csv,D,PMBTA-4,
plate1,546.0,D2,288.0,testdata_251109-GOx-1.csv,D,PMBTA-4,
plate1,576.0,D2,260.0,testdata_251109-GOx-1.csv,D,PMBTA-4,
plate1,606.0,D2,230.0,testdata_251109-GOx-1.csv,D,PMBTA-4,
plate1,6.0,D3,132.0,testdata_251109-GOx-1.csv,D,PMBTA-4,
plate1,36.0,D3,314.0,testdata_251109-GOx-1.csv,D,PMBTA-4,
plate1,66.0,D3,422.0,testdata_251109-GOx-1.csv,D,PMBTA-4,
plate1,96.0,D3,632.0,testdata_251109-GOx-1.csv,D,PMBTA-4,
plate1,126.0,D3,660.0,testdata_251109-GOx-1.csv,D,PMBTA-4,
plate1,156.0,D3,816.0,testdata_251109-GOx-1.csv,D,PMBTA-4,
plate1,186.0,D3,816.0,testdata_251109-GOx-1.csv,D,PMBTA-4,
plate1,216.0,D3,694.0,testdata_251109-GOx-1.csv,D,PMBTA-4,
plate1,246.0,D3,640.0,testdata_251109-GOx-1.csv,D,PMBTA-4,
plate1,276.0,D3,550.0,testdata_251109-GOx-1.csv,D,PMBTA-4,
plate1,306.0,D3,484.0,testdata_251109-GOx-1.csv,D,PMBTA-4,
plate1,336.0,D3,510.0,testdata_251109-GOx-1.csv,D,PMBTA-4,
plate1,366.0,D3,458.0,testdata_251109-GOx-1.csv,D,PMBTA-4,
plate1,396.0,D3,400.0,testdata_251109-GOx-1.csv,D,PMBTA-4,
plate1,426.0,D3,350.0,testdata_251109-GOx-1.csv,D,PMBTA-4,
plate1,456.0,D3,356.0,testdata_251109-GOx-1.csv,D,PMBTA-4,
plate1,486.0,D3,290.0,testdata_251109-GOx-1.csv,D,PMBTA-4,
plate1,516.0,D3,310.0,testdata_251109-GOx-1.csv,D,PMBTA-4,
plate1,546.0,D3,292.0,testdata_251109-GOx-1.csv,D,PMBTA-4,
plate1,576.0,D3,322.0,testdata_251109-GOx-1.csv,D,PMBTA-4,
plate1,606.0,D3,266.0,testdata_251109-GOx-1.csv,D,PMBTA-4,
plate1,6.0,D4,122.0,testdata_251109-GOx-1.csv,D,PMBTA-4,
plate1,36.0,D4,262.0,testdata_251109-GOx-1.csv,D,PMBTA-4,
plate1,66.0,D4,378.0,testdata_251109-GOx-1.csv,D,PMBTA-4,
plate1,96.0,D4,504.0,testdata_251109-GOx-1.csv,D,PMBTA-4,
plate1,126.0,D4,612.0,testdata_251109-GOx-1.csv,D,PMBTA-4,
plate1,156.0,D4,698.0,testdata_251109-GOx-1.csv,D,PMBTA-4,
plate1,186.0,D4,774.0,testdata_251109-GOx-1.csv,D,PMBTA-4,
plate1,216.0,D4,808.0,testdata_251109-GOx-1.csv,D,PMBTA-4,
plate1,246.0,D4,780.0,testdata_251109-GOx-1.csv,D,PMBTA-4,
plate1,276.0,D4,646.0,testdata_251109-GOx-1.csv,D,PMBTA-4,
plate1,306.0,D4,580.0,testdata_251109-GOx-1.csv,D,PMBTA-4,
plate1,336.0,D4,556.0,testdata_251109-GOx-1.csv,D,PMBTA-4,
plate1,366.0,D4,514.0,testdata_251109-GOx-1.csv,D,PMBTA-4,
plate1,396.0,D4,468.0,testdata_251109-GOx-1.csv,D,PMBTA-4,
plate1,426.0,D4,402.0,testdata_251109-GOx-1.csv,D,PMBTA-4,
plate1,456.0,D4,404.0,testdata_251109-GOx-1.csv,D,PMBTA-4,
plate1,486.0,D4,362.0,testdata_251109-GOx-1.csv,D,PMBTA-4,
plate1,516.0,D4,314.0,testdata_251109-GOx-1.csv,D,PMBTA-4,
plate1,546.0,D4,346.0,testdata_251109-GOx-1.csv,D,PMBTA-4,
plate1,576.0,D4,284.0,testdata_251109-GOx-1.csv,D,PMBTA-4,
plate1,606.0,D4,312.0,testdata_251109-GOx-1.csv,D,PMBTA-4,
plate1,6.0,D5,126.0,testdata_251109-GOx-1.csv,D,PMBTA-4,
plate1,36.0,D5,222.0,testdata_251109-GOx-1.csv,D,PMBTA-4,
plate1,66.0,D5,346.0,testdata_251109-GOx-1.csv,D,PMBTA-4,
plate1,96.0,D5,440.0,testdata_251109-GOx-1.csv,D,PMBTA-4,
plate1,126.0,D5,502.0,testdata_251109-GOx-1.csv,D,PMBTA-4,
plate1,156.0,D5,588.0,testdata_251109-GOx-1.csv,D,PMBTA-4,
plate1,186.0,D5,666.0,testdata_251109-GOx-1.csv,D,PMBTA-4,
plate1,216.0,D5,734.0,testdata_251109-GOx-1.csv,D,PMBTA-4,
plate1,246.0,D5,802.0,testdata_251109-GOx-1.csv,D,PMBTA-4,
plate1,276.0,D5,818.0,testdata_251109-GOx-1.csv,D,PMBTA-4,
plate1,306.0,D5,722.0,testdata_251109-GOx-1.csv,D,PMBTA-4,
plate1,336.0,D5,686.0,testdata_251109-GOx-1.csv,D,PMBTA-4,
plate1,366.0,D5,672.0,testdata_251109-GOx-1.csv,D,PMBTA-4,
plate1,396.0,D5,602.0,testdata_251109-GOx-1.csv,D,PMBTA-4,
plate1,426.0,D5,502.0,testdata_251109-GOx-1.csv,D,PMBTA-4,
plate1,456.0,D5,470.0,testdata_251109-GOx-1.csv,D,PMBTA-4,
plate1,486.0,D5,432.0,testdata_251109-GOx-1.csv,D,PMBTA-4,
plate1,516.0,D5,432.0,testdata_251109-GOx-1.csv,D,PMBTA-4,
plate1,546.0,D5,394.0,testdata_251109-GOx-1.csv,D,PMBTA-4,
plate1,576.0,D5,350.0,testdata_251109-GOx-1.csv,D,PMBTA-4,
plate1,606.0,D5,348.0,testdata_251109-GOx-1.csv,D,PMBTA-4,
plate1,6.0,D6,68.0,testdata_251109-GOx-1.csv,D,PMBTA-4,
plate1,36.0,D6,116.0,testdata_251109-GOx-1.csv,D,PMBTA-4,
plate1,66.0,D6,150.0,testdata_251109-GOx-1.csv,D,PMBTA-4,
plate1,96.0,D6,196.0,testdata_251109-GOx-1.csv,D,PMBTA-4,
plate1,126.0,D6,260.0,testdata_251109-GOx-1.csv,D,PMBTA-4,
plate1,156.0,D6,352.0,testdata_251109-GOx-1.csv,D,PMBTA-4,
plate1,186.0,D6,350.0,testdata_251109-GOx-1.csv,D,PMBTA-4,
plate1,216.0,D6,414.0,testdata_251109-GOx-1.csv,D,PMBTA-4,
plate1,246.0,D6,408.0,testdata_251109-GOx-1.csv,D,PMBTA-4,
plate1,276.0,D6,480.0,testdata_251109-GOx-1.csv,D,PMBTA-4,
plate1,306.0,D6,518.0,testdata_251109-GOx-1.csv,D,PMBTA-4,
plate1,336.0,D6,560.0,testdata_251109-GOx-1.csv,D,PMBTA-4,
plate1,366.0,D6,614.0,testdata_251109-GOx-1.csv,D,PMBTA-4,
plate1,396.0,D6,698.0,testdata_251109-GOx-1.csv,D,PMBTA-4,
plate1,426.0,D6,672.0,testdata_251109-GOx-1.csv,D,PMBTA-4,
plate1,456.0,D6,668.0,testdata_251109-GOx-1.csv,D,PMBTA-4,
plate1,486.0,D6,778.0,testdata_251109-GOx-1.csv,D,PMBTA-4,
plate1,516.0,D6,772.0,testdata_251109-GOx-1.csv,D,PMBTA-4,
plate1,546.0,D6,824.0,testdata_251109-GOx-1.csv,D,PMBTA-4,
plate1,576.0,D6,828.0,testdata_251109-GOx-1.csv,D,PMBTA-4,
plate1,606.0,D6,798.0,testdata_251109-GOx-1.csv,D,PMBTA-4,
plate1,6.0,D7,44.0,testdata_251109-GOx-1.csv,D,PMBTA-4,
plate1,36.0,D7,74.0,testdata_251109-GOx-1.csv,D,PMBTA-4,
plate1,66.0,D7,118.0,testdata_251109-GOx-1.csv,D,PMBTA-4,
plate1,96.0,D7,106.0,testdata_251109-GOx-1.csv,D,PMBTA-4,
plate1,126.0,D7,150.0,testdata_251109-GOx-1.csv,D,PMBTA-4,
plate1,156.0,D7,206.0,testdata_251109-GOx-1.csv,D,PMBTA-4,
plate1,186.0,D7,214.0,testdata_251109-GOx-1.csv,D,PMBTA-4,
plate1,216.0,D7,246.0,testdata_251109-GOx-1.csv,D,PMBTA-4,
plate1,246.0,D7,270.0,testdata_251109-GOx-1.csv,D,PMBTA-4,
plate1,276.0,D7,330.0,testdata_251109-GOx-1.csv,D,PMBTA-4,
plate1,306.0,D7,338.0,testdata_251109-GOx-1.csv,D,PMBTA-4,
plate1,336.0,D7,360.0,testdata_251109-GOx-1.csv,D,PMBTA-4,
plate1,366.0,D7,386.0,testdata_251109-GOx-1.csv,D,PMBTA-4,
plate1,396.0,D7,408.0,testdata_251109-GOx-1.csv,D,PMBTA-4,
plate1,426.0,D7,450.0,testdata_251109-GOx-1.csv,D,PMBTA-4,
plate1,456.0,D7,496.0,testdata_251109-GOx-1.csv,D,PMBTA-4,
plate1,486.0,D7,452.0,testdata_251109-GOx-1.csv,D,PMBTA-4,
plate1,516.0,D7,528.0,testdata_251109-GOx-1.csv,D,PMBTA-4,
plate1,546.0,D7,546.0,testdata_251109-GOx-1.csv,D,PMBTA-4,
plate1,576.0,D7,582.0,testdata_251109-GOx-1.csv,D,PMBTA-4,
plate1,606.0,D7,568.0,testdata_251109-GOx-1.csv,D,PMBTA-4,
plate1,6.0,E1,228.0,testdata_251109-GOx-1.csv,E,PMBTA-6,
plate1,36.0,E1,440.0,testdata_251109-GOx-1.csv,E,PMBTA-6,
plate1,66.0,E1,644.0,testdata_251109-GOx-1.csv,E,PMBTA-6,
plate1,96.0,E1,760.0,testdata_251109-GOx-1.csv,E,PMBTA-6,
plate1,126.0,E1,768.0,testdata_251109-GOx-1.csv,E,PMBTA-6,
plate1,156.0,E1,704.0,testdata_251109-GOx-1.csv,E,PMBTA-6,
plate1,186.0,E1,672.0,testdata_251109-GOx-1.csv,E,PMBTA-6,
plate1,216.0,E1,612.0,testdata_251109-GOx-1.csv,E,PMBTA-6,
plate1,246.0,E1,532.0,testdata_251109-GOx-1.csv,E,PMBTA-6,
plate1,276.0,E1,494.0,testdata_251109-GOx-1.csv,E,PMBTA-6,
plate1,306.0,E1,436.0,testdata_251109-GOx-1.csv,E,PMBTA-6,
plate1,336.0,E1,418.0,testdata_251109-GOx-1.csv,E,PMBTA-6,
plate1,366.0,E1,374.0,testdata_251109-GOx-1.csv,E,PMBTA-6,
plate1,396.0,E1,354.0,testdata_251109-GOx-1.csv,E,PMBTA-6,
plate1,426.0,E1,316.0,testdata_251109-GOx-1.csv,E,PMBTA-6,
plate1,456.0,E1,304.0,testdata_251109-GOx-1.csv,E,PMBTA-6,
plate1,486.0,E1,254.0,testdata_251109-GOx-1.csv,E,PMBTA-6,
plate1,516.0,E1,236.0,testdata_251109-GOx-1.csv,E,PMBTA-6,
plate1,546.0,E1,276.0,testdata_251109-GOx-1.csv,E,PMBTA-6,
plate1,576.0,E1,232.0,testdata_251109-GOx-1.csv,E,PMBTA-6,
plate1,606.0,E1,220.0,testdata_251109-GOx-1.csv,E,PMBTA-6,
plate1,6.0,E2,198.0,testdata_251109-GOx-1.csv,E,PMBTA-6,
plate1,36.0,E2,434.0,testdata_251109-GOx-1.csv,E,PMBTA-6,
plate1,66.0,E2,662.0,testdata_251109-GOx-1.csv,E,PMBTA-6,
plate1,96.0,E2,762.0,testdata_251109-GOx-1.csv,E,PMBTA-6,
plate1,126.0,E2,852.0,testdata_251109-GOx-1.csv,E,PMBTA-6,
plate1,156.0,E2,748.0,testdata_251109-GOx-1.csv,E,PMBTA-6,
plate1,186.0,E2,696.0,testdata_251109-GOx-1.csv,E,PMBTA-6,
plate1,216.0,E2,650.0,testdata_251109-GOx-1.csv,E,PMBTA-6,
plate1,246.0,E2,608.0,testdata_251109-GOx-1.csv,E,PMBTA-6,
plate1,276.0,E2,502.0,testdata_251109-GOx-1.csv,E,PMBTA-6,
plate1,306.0,E2,462.0,testdata_251109-GOx-1.csv,E,PMBTA-6,
plate1,336.0,E2,502.0,testdata_251109-GOx-1.csv,E,PMBTA-6,
plate1,366.0,E2,400.0,testdata_251109-GOx-1.csv,E,PMBTA-6,
plate1,396.0,E2,348.0,testdata_251109-GOx-1.csv,E,PMBTA-6,
plate1,426.0,E2,346.0,testdata_251109-GOx-1.csv,E,PMBTA-6,
plate1,456.0,E2,312.0,testdata_251109-GOx-1.csv,E,PMBTA-6,
plate1,486.0,E2,314.0,testdata_251109-GOx-1.csv,E,PMBTA-6,
plate1,516.0,E2,290.0,testdata_251109-GOx-1.csv,E,PMBTA-6,
plate1,546.0,E2,282.0,testdata_251109-GOx-1.csv,E,PMBTA-6,
plate1,576.0,E2,210.0,testdata_251109-GOx-1.csv,E,PMBTA-6,
plate1,606.0,E2,214.0,testdata_251109-GOx-1.csv,E,PMBTA-6,
plate1,6.0,E3,214.0,testdata_251109-GOx-1.csv,E,PMBTA-6,
plate1,36.0,E3,322.0,testdata_251109-GOx-1.csv,E,PMBTA-6,
plate1,66.0,E3,516.0,testdata_251109-GOx-1.csv,E,PMBTA-6,
plate1,96.0,E3,642.0,testdata_251109-GOx-1.csv,E,PMBTA-6,
plate1,126.0,E3,744.0,testdata_251109-GOx-1.csv,E,PMBTA-6,
plate1,156.0,E3,756.0,testdata_251109-GOx-1.csv,E,PMBTA-6,
plate1,186.0,E3,752.0,testdata_251109-GOx-1.csv,E,PMBTA-6,
plate1,216.0,E3,624.0,testdata_251109-GOx-1.csv,E,PMBTA-6,
plate1,246.0,E3,596.0,testdata_251109-GOx-1.csv,E,PMBTA-6,
plate1,276.0,E3,514.0,testdata_251109-GOx-1.csv,E,PMBTA-6,
plate1,306.0,E3,494.0,testdata_251109-GOx-1.csv,E,PMBTA-6,
plate1,336.0,E3,466.0,testdata_251109-GOx-1.csv,E,PMBTA-6,
plate1,366.0,E3,432.0,testdata_251109-GOx-1.csv,E,PMBTA-6,
plate1,396.0,E3,360.0,testdata_251109-GOx-1.csv,E,PMBTA-6,
plate1,426.0,E3,418.0,testdata_251109-GOx-1.csv,E,PMBTA-6,
plate1,456.0,E3,340.0,testdata_251109-GOx-1.csv,E,PMBTA-6,
plate1,486.0,E3,316.0,testdata_251109-GOx-1.csv,E,PMBTA-6,
plate1,516.0,E3,290.0,testdata_251109-GOx-1.csv,E,PMBTA-6,
plate1,546.0,E3,268.0,testdata_251109-GOx-1.csv,E,PMBTA-6,
plate1,576.0,E3,264.0,testdata_251109-GOx-1.csv,E,PMBTA-6,
plate1,606.0,E3,272.0,testdata_251109-GOx-1.csv,E,PMBTA-6,
plate1,6.0,E4,146.0,testdata_251109-GOx-1.csv,E,PMBTA-6,
plate1,36.0,E4,294.0,testdata_251109-GOx-1.csv,E,PMBTA-6,
plate1,66.0,E4,424.0,testdata_251109-GOx-1.csv,E,PMBTA-6,
plate1,96.0,E4,566.0,testdata_251109-GOx-1.csv,E,PMBTA-6,
plate1,126.0,E4,670.0,testdata_251109-GOx-1.csv,E,PMBTA-6,
plate1,156.0,E4,756.0,testdata_251109-GOx-1.csv,E,PMBTA-6,
plate1,186.0,E4,812.0,testdata_251109-GOx-1.csv,E,PMBTA-6,
plate1,216.0,E4,824.0,testdata_251109-GOx-1.csv,E,PMBTA-6,
plate1,246.0,E4,722.0,testdata_251109-GOx-1.csv,E,PMBTA-6,
plate1,276.0,E4,632.0,testdata_251109-GOx-1.csv,E,PMBTA-6,
plate1,306.0,E4,590.0,testdata_251109-GOx-1.csv,E,PMBTA-6,
plate1,336.0,E4,538.0,testdata_251109-GOx-1.csv,E,PMBTA-6,
plate1,366.0,E4,464.0,testdata_251109-GOx-1.csv,E,PMBTA-6,
plate1,396.0,E4,490.0,testdata_251109-GOx-1.csv,E,PMBTA-6,
plate1,426.0,E4,462.0,testdata_251109-GOx-1.csv,E,PMBTA-6,
plate1,456.0,E4,390.0,testdata_251109-GOx-1.csv,E,PMBTA-6,
plate1,486.0,E4,402.0,testdata_251109-GOx-1.csv,E,PMBTA-6,
plate1,516.0,E4,320.0,testdata_251109-GOx-1.csv,E,PMBTA-6,
plate1,546.0,E4,290.0,testdata_251109-GOx-1.csv,E,PMBTA-6,
plate1,576.0,E4,288.0,testdata_251109-GOx-1.csv,E,PMBTA-6,
plate1,606.0,E4,258.0,testdata_251109-GOx-1.csv,E,PMBTA-6,
plate1,6.0,E5,172.0,testdata_251109-GOx-1.csv,E,PMBTA-6,
plate1,36.0,E5,226.0,testdata_251109-GOx-1.csv,E,PMBTA-6,
plate1,66.0,E5,358.0,testdata_251109-GOx-1.csv,E,PMBTA-6,
plate1,96.0,E5,446.0,testdata_251109-GOx-1.csv,E,PMBTA-6,
plate1,126.0,E5,550.0,testdata_251109-GOx-1.csv,E,PMBTA-6,
plate1,156.0,E5,584.0,testdata_251109-GOx-1.csv,E,PMBTA-6,
plate1,186.0,E5,572.0,testdata_251109-GOx-1.csv,E,PMBTA-6,
plate1,216.0,E5,724.0,testdata_251109-GOx-1.csv,E,PMBTA-6,
plate1,246.0,E5,786.0,testdata_251109-GOx-1.csv,E,PMBTA-6,
plate1,276.0,E5,848.0,testdata_251109-GOx-1.csv,E,PMBTA-6,
plate1,306.0,E5,690.0,testdata_251109-GOx-1.csv,E,PMBTA-6,
plate1,336.0,E5,660.0,testdata_251109-GOx-1.csv,E,PMBTA-6,
plate1,366.0,E5,628.0,testdata_251109-GOx-1.csv,E,PMBTA-6,
plate1,396.0,E5,576.0,testdata_251109-GOx-1.csv,E,PMBTA-6,
plate1,426.0,E5,512.0,testdata_251109-GOx-1.csv,E,PMBTA-6,
plate1,456.0,E5,490.0,testdata_251109-GOx-1.csv,E,PMBTA-6,
plate1,486.0,E5,440.0,testdata_251109-GOx-1.csv,E,PMBTA-6,
plate1,516.0,E5,362.0,testdata_251109-GOx-1.csv,E,PMBTA-6,
plate1,546.0,E5,344.0,testdata_251109-GOx-1.csv,E,PMBTA-6,
plate1,576.0,E5,336.0,testdata_251109-GOx-1.csv,E,PMBTA-6,
plate1,606.0,E5,308.0,testdata_251109-GOx-1.csv,E,PMBTA-6,
plate1,6.0,E6,88.0,testdata_251109-GOx-1.csv,E,PMBTA-6,
plate1,36.0,E6,138.0,testdata_251109-GOx-1.csv,E,PMBTA-6,
plate1,66.0,E6,198.0,testdata_251109-GOx-1.csv,E,PMBTA-6,
plate1,96.0,E6,244.0,testdata_251109-GOx-1.csv,E,PMBTA-6,
plate1,126.0,E6,290.0,testdata_251109-GOx-1.csv,E,PMBTA-6,
plate1,156.0,E6,354.0,testdata_251109-GOx-1.csv,E,PMBTA-6,
plate1,186.0,E6,322.0,testdata_251109-GOx-1.csv,E,PMBTA-6,
plate1,216.0,E6,398.0,testdata_251109-GOx-1.csv,E,PMBTA-6,
plate1,246.0,E6,512.0,testdata_251109-GOx-1.csv,E,PMBTA-6,
plate1,276.0,E6,478.0,testdata_251109-GOx-1.csv,E,PMBTA-6,
plate1,306.0,E6,632.0,testdata_251109-GOx-1.csv,E,PMBTA-6,
plate1,336.0,E6,554.0,testdata_251109-GOx-1.csv,E,PMBTA-6,
plate1,366.0,E6,638.0,testdata_251109-GOx-1.csv,E,PMBTA-6,
plate1,396.0,E6,700.0,testdata_251109-GOx-1.csv,E,PMBTA-6,
plate1,426.0,E6,698.0,testdata_251109-GOx-1.csv,E,PMBTA-6,
plate1,456.0,E6,712.0,testdata_251109-GOx-1.csv,E,PMBTA-6,
plate1,486.0,E6,790.0,testdata_251109-GOx-1.csv,E,PMBTA-6,
plate1,516.0,E6,802.0,testdata_251109-GOx-1.csv,E,PMBTA-6,
plate1,546.0,E6,786.0,testdata_251109-GOx-1.csv,E,PMBTA-6,
plate1,576.0,E6,752.0,testdata_251109-GOx-1.csv,E,PMBTA-6,
plate1,606.0,E6,714.0,testdata_251109-GOx-1.csv,E,PMBTA-6,
plate1,6.0,E7,54.0,testdata_251109-GOx-1.csv,E,PMBTA-6,
plate1,36.0,E7,98.0,testdata_251109-GOx-1.csv,E,PMBTA-6,
plate1,66.0,E7,120.0,testdata_251109-GOx-1.csv,E,PMBTA-6,
plate1,96.0,E7,180.0,testdata_251109-GOx-1.csv,E,PMBTA-6,
plate1,126.0,E7,188.0,testdata_251109-GOx-1.csv,E,PMBTA-6,
plate1,156.0,E7,226.0,testdata_251109-GOx-1.csv,E,PMBTA-6,
plate1,186.0,E7,262.0,testdata_251109-GOx-1.csv,E,PMBTA-6,
plate1,216.0,E7,272.0,testdata_251109-GOx-1.csv,E,PMBTA-6,
plate1,246.0,E7,356.0,testdata_251109-GOx-1.csv,E,PMBTA-6,
plate1,276.0,E7,330.0,testdata_251109-GOx-1.csv,E,PMBTA-6,
plate1,306.0,E7,404.0,testdata_251109-GOx-1.csv,E,PMBTA-6,
plate1,336.0,E7,388.0,testdata_251109-GOx-1.csv,E,PMBTA-6,
plate1,366.0,E7,436.0,testdata_251109-GOx-1.csv,E,PMBTA-6,
plate1,396.0,E7,460.0,testdata_251109-GOx-1.csv,E,PMBTA-6,
plate1,426.0,E7,472.0,testdata_251109-GOx-1.csv,E,PMBTA-6,
plate1,456.0,E7,548.0,testdata_251109-GOx-1.csv,E,PMBTA-6,
plate1,486.0,E7,572.0,testdata_251109-GOx-1.csv,E,PMBTA-6,
plate1,516.0,E7,572.0,testdata_251109-GOx-1.csv,E,PMBTA-6,
plate1,546.0,E7,582.0,testdata_251109-GOx-1.csv,E,PMBTA-6,
plate1,576.0,E7,696.0,testdata_251109-GOx-1.csv,E,PMBTA-6,
plate1,606.0,E7,564.0,testdata_251109-GOx-1.csv,E,PMBTA-6,
plate1,6.0,F1,282.0,testdata_251109-GOx-1.csv,F,PMBTA-9,
plate1,36.0,F1,500.0,testdata_251109-GOx-1.csv,F,PMBTA-9,
plate1,66.0,F1,700.0,testdata_251109-GOx-1.csv,F,PMBTA-9,
plate1,96.0,F1,790.0,testdata_251109-GOx-1.csv,F,PMBTA-9,
plate1,126.0,F1,756.0,testdata_251109-GOx-1.csv,F,PMBTA-9,
plate1,156.0,F1,666.0,testdata_251109-GOx-1.csv,F,PMBTA-9,
plate1,186.0,F1,658.0,testdata_251109-GOx-1.csv,F,PMBTA-9,
plate1,216.0,F1,594.0,testdata_251109-GOx-1.csv,F,PMBTA-9,
plate1,246.0,F1,498.0,testdata_251109-GOx-1.csv,F,PMBTA-9,
plate1,276.0,F1,464.0,testdata_251109-GOx-1.csv,F,PMBTA-9,
plate1,306.0,F1,426.0,testdata_251109-GOx-1.csv,F,PMBTA-9,
plate1,336.0,F1,412.0,testdata_251109-GOx-1.csv,F,PMBTA-9,
plate1,366.0,F1,390.0,testdata_251109-GOx-1.csv,F,PMBTA-9,
plate1,396.0,F1,326.0,testdata_251109-GOx-1.csv,F,PMBTA-9,
plate1,426.0,F1,304.0,testdata_251109-GOx-1.csv,F,PMBTA-9,
plate1,456.0,F1,302.0,testdata_251109-GOx-1.csv,F,PMBTA-9,
plate1,486.0,F1,272.0,testdata_251109-GOx-1.csv,F,PMBTA-9,
plate1,516.0,F1,270.0,testdata_251109-GOx-1.csv,F,PMBTA-9,
plate1,546.0,F1,250.0,testdata_251109-GOx-1.csv,F,PMBTA-9,
plate1,576.0,F1,210.0,testdata_251109-GOx-1.csv,F,PMBTA-9,
plate1,606.0,F1,214.0,testdata_251109-GOx-1.csv,F,PMBTA-9,
plate1,6.0,F2,276.0,testdata_251109-GOx-1.csv,F,PMBTA-9,
plate1,36.0,F2,464.0,testdata_251109-GOx-1.csv,F,PMBTA-9,
plate1,66.0,F2,682.0,testdata_251109-GOx-1.csv,F,PMBTA-9,
plate1,96.0,F2,748.0,testdata_251109-GOx-1.csv,F,PMBTA-9,
plate1,126.0,F2,756.0,testdata_251109-GOx-1.csv,F,PMBTA-9,
plate1,156.0,F2,662.0,testdata_251109-GOx-1.csv,F,PMBTA-9,
plate1,186.0,F2,610.0,testdata_251109-GOx-1.csv,F,PMBTA-9,
plate1,216.0,F2,580.0,testdata_251109-GOx-1.csv,F,PMBTA-9,
plate1,246.0,F2,530.0,testdata_251109-GOx-1.csv,F,PMBTA-9,
plate1,276.0,F2,502.0,testdata_251109-GOx-1.csv,F,PMBTA-9,
plate1,306.0,F2,490.0,testdata_251109-GOx-1.csv,F,PMBTA-9,
plate1,336.0,F2,392.0,testdata_251109-GOx-1.csv,F,PMBTA-9,
plate1,366.0,F2,366.0,testdata_251109-GOx-1.csv,F,PMBTA-9,
plate1,396.0,F2,332.0,testdata_251109-GOx-1.csv,F,PMBTA-9,
plate1,426.0,F2,310.0,testdata_251109-GOx-1.csv,F,PMBTA-9,
plate1,456.0,F2,322.0,testdata_251109-GOx-1.csv,F,PMBTA-9,
plate1,486.0,F2,292.0,testdata_251109-GOx-1.csv,F,PMBTA-9,
plate1,516.0,F2,236.0,testdata_251109-GOx-1.csv,F,PMBTA-9,
plate1,546.0,F2,244.0,testdata_251109-GOx-1.csv,F,PMBTA-9,
plate1,576.0,F2,230.0,testdata_251109-GOx-1.csv,F,PMBTA-9,
plate1,606.0,F2,200.0,testdata_251109-GOx-1.csv,F,PMBTA-9,
plate1,6.0,F3,194.0,testdata_251109-GOx-1.csv,F,PMBTA-9,
plate1,36.0,F3,318.0,testdata_251109-GOx-1.csv,F,PMBTA-9,
plate1,66.0,F3,472.0,testdata_251109-GOx-1.csv,F,PMBTA-9,
plate1,96.0,F3,602.0,testdata_251109-GOx-1.csv,F,PMBTA-9,
plate1,126.0,F3,706.0,testdata_251109-GOx-1.csv,F,PMBTA-9,
plate1,156.0,F3,734.0,testdata_251109-GOx-1.csv,F,PMBTA-9,
plate1,186.0,F3,736.0,testdata_251109-GOx-1.csv,F,PMBTA-9,
plate1,216.0,F3,688.0,testdata_251109-GOx-1.csv,F,PMBTA-9,
plate1,246.0,F3,636.0,testdata_251109-GOx-1.csv,F,PMBTA-9,
plate1,276.0,F3,556.0,testdata_251109-GOx-1.csv,F,PMBTA-9,
plate1,306.0,F3,538.0,testdata_251109-GOx-1.csv,F,PMBTA-9,
plate1,336.0,F3,508.0,testdata_251109-GOx-1.csv,F,PMBTA-9,
plate1,366.0,F3,440.0,testdata_251109-GOx-1.csv,F,PMBTA-9,
plate1,396.0,F3,434.0,testdata_251109-GOx-1.csv,F,PMBTA-9,
plate1,426.0,F3,380.0,testdata_251109-GOx-1.csv,F,PMBTA-9,
plate1,456.0,F3,370.0,testdata_251109-GOx-1.csv,F,PMBTA-9,
plate1,486.0,F3,316.0,testdata_251109-GOx-1.csv,F,PMBTA-9,
plate1,516.0,F3,308.0,testdata_251109-GOx-1.csv,F,PMBTA-9,
plate1,546.0,F3,302.0,testdata_251109-GOx-1.csv,F,PMBTA-9,
plate1,576.0,F3,262.0,testdata_251109-GOx-1.csv,F,PMBTA-9,
plate1,606.0,F3,232.0,testdata_251109-GOx-1.csv,F,PMBTA-9,
plate1,6.0,F4,136.0,testdata_251109-GOx-1.csv,F,PMBTA-9,
plate1,36.0,F4,216.0,testdata_251109-GOx-1.csv,F,PMBTA-9,
plate1,66.0,F4,292.0,testdata_251109-GOx-1.csv,F,PMBTA-9,
plate1,96.0,F4,348.0,testdata_251109-GOx-1.csv,F,PMBTA-9,
plate1,126.0,F4,404.0,testdata_251109-GOx-1.csv,F,PMBTA-9,
plate1,156.0,F4,498.0,testdata_251109-GOx-1.csv,F,PMBTA-9,
plate1,186.0,F4,572.0,testdata_251109-GOx-1.csv,F,PMBTA-9,
plate1,216.0,F4,668.0,testdata_251109-GOx-1.csv,F,PMBTA-9,
plate1,246.0,F4,772.0,testdata_251109-GOx-1.csv,F,PMBTA-9,
plate1,276.0,F4,766.0,testdata_251109-GOx-1.csv,F,PMBTA-9,
plate1,306.0,F4,720.0,testdata_251109-GOx-1.csv,F,PMBTA-9,
plate1,336.0,F4,714.0,testdata_251109-GOx-1.csv,F,PMBTA-9,
plate1,366.0,F4,774.0,testdata_251109-GOx-1.csv,F,PMBTA-9,
plate1,396.0,F4,696.0,testdata_251109-GOx-1.csv,F,PMBTA-9,
plate1,426.0,F4,648.0,testdata_251109-GOx-1.csv,F,PMBTA-9,
plate1,456.0,F4,604.0,testdata_251109-GOx-1.csv,F,PMBTA-9,
plate1,486.0,F4,548.0,testdata_251109-GOx-1.csv,F,PMBTA-9,
plate1,516.0,F4,466.0,testdata_251109-GOx-1.csv,F,PMBTA-9,
plate1,546.0,F4,428.0,testdata_251109-GOx-1.csv,F,PMBTA-9,
plate1,576.0,F4,388.0,testdata_251109-GOx-1.csv,F,PMBTA-9,
plate1,606.0,F4,360.0,testdata_251109-GOx-1.csv,F,PMBTA-9,
plate1,6.0,F5,80.0,testdata_251109-GOx-1.csv,F,PMBTA-9,
plate1,36.0,F5,98.0,testdata_251109-GOx-1.csv,F,PMBTA-9,
plate1,66.0,F5,146.0,testdata_251109-GOx-1.csv,F,PMBTA-9,
plate1,96.0,F5,188.0,testdata_251109-GOx-1.csv,F,PMBTA-9,
plate1,126.0,F5,238.0,testdata_251109-GOx-1.csv,F,PMBTA-9,
plate1,156.0,F5,276.0,testdata_251109-GOx-1.csv,F,PMBTA-9,
plate1,186.0,F5,332.0,testdata_251109-GOx-1.csv,F,PMBTA-9,
plate1,216.0,F5,386.0,testdata_251109-GOx-1.csv,F,PMBTA-9,
plate1,246.0,F5,412.0,testdata_251109-GOx-1.csv,F,PMBTA-9,
plate1,276.0,F5,438.0,testdata_251109-GOx-1.csv,F,PMBTA-9,
plate1,306.0,F5,444.0,testdata_251109-GOx-1.csv,F,PMBTA-9,
plate1,336.0,F5,488.0,testdata_251109-GOx-1.csv,F,PMBTA-9,
plate1,366.0,F5,612.0,testdata_251109-GOx-1.csv,F,PMBTA-9,
plate1,396.0,F5,602.0,testdata_251109-GOx-1.csv,F,PMBTA-9,
plate1,426.0,F5,624.0,testdata_251109-GOx-1.csv,F,PMBTA-9,
plate1,456.0,F5,684.0,testdata_251109-GOx-1.csv,F,PMBTA-9,
plate1,486.0,F5,698.0,testdata_251109-GOx-1.csv,F,PMBTA-9,
plate1,516.0,F5,732.0,testdata_251109-GOx-1.csv,F,PMBTA-9,
plate1,546.0,F5,716.0,testdata_251109-GOx-1.csv,F,PMBTA-9,
plate1,576.0,F5,736.0,testdata_251109-GOx-1.csv,F,PMBTA-9,
plate1,606.0,F5,820.0,testdata_251109-GOx-1.csv,F,PMBTA-9,
plate1,6.0,F6,28.0,testdata_251109-GOx-1.csv,F,PMBTA-9,
plate1,36.0,F6,38.0,testdata_251109-GOx-1.csv,F,PMBTA-9,
plate1,66.0,F6,44.0,testdata_251109-GOx-1.csv,F,PMBTA-9,
plate1,96.0,F6,50.0,testdata_251109-GOx-1.csv,F,PMBTA-9,
plate1,126.0,F6,48.0,testdata_251109-GOx-1.csv,F,PMBTA-9,
plate1,156.0,F6,62.0,testdata_251109-GOx-1.csv,F,PMBTA-9,
plate1,186.0,F6,80.0,testdata_251109-GOx-1.csv,F,PMBTA-9,
plate1,216.0,F6,82.0,testdata_251109-GOx-1.csv,F,PMBTA-9,
plate1,246.0,F6,94.0,testdata_251109-GOx-1.csv,F,PMBTA-9,
plate1,276.0,F6,108.0,testdata_251109-GOx-1.csv,F,PMBTA-9,
plate1,306.0,F6,100.0,testdata_251109-GOx-1.csv,F,PMBTA-9,
plate1,336.0,F6,124.0,testdata_251109-GOx-1.csv,F,PMBTA-9,
plate1,366.0,F6,130.0,testdata_251109-GOx-1.csv,F,PMBTA-9,
plate1,396.0,F6,116.0,testdata_251109-GOx-1.csv,F,PMBTA-9,
plate1,426.0,F6,156.0,testdata_251109-GOx-1.csv,F,PMBTA-9,
plate1,456.0,F6,166.0,testdata_251109-GOx-1.csv,F,PMBTA-9,
plate1,486.0,F6,180.0,testdata_251109-GOx-1.csv,F,PMBTA-9,
plate1,516.0,F6,188.0,testdata_251109-GOx-1.csv,F,PMBTA-9,
plate1,546.0,F6,200.0,testdata_251109-GOx-1.csv,F,PMBTA-9,
plate1,576.0,F6,208.0,testdata_251109-GOx-1.csv,F,PMBTA-9,
plate1,606.0,F6,196.0,testdata_251109-GOx-1.csv,F,PMBTA-9,
plate1,6.0,F7,20.0,testdata_251109-GOx-1.csv,F,PMBTA-9,
plate1,36.0,F7,24.0,testdata_251109-GOx-1.csv,F,PMBTA-9,
plate1,66.0,F7,34.0,testdata_251109-GOx-1.csv,F,PMBTA-9,
plate1,96.0,F7,40.0,testdata_251109-GOx-1.csv,F,PMBTA-9,
plate1,126.0,F7,34.0,testdata_251109-GOx-1.csv,F,PMBTA-9,
plate1,156.0,F7,48.0,testdata_251109-GOx-1.csv,F,PMBTA-9,
plate1,186.0,F7,54.0,testdata_251109-GOx-1.csv,F,PMBTA-9,
plate1,216.0,F7,64.0,testdata_251109-GOx-1.csv,F,PMBTA-9,
plate1,246.0,F7,54.0,testdata_251109-GOx-1.csv,F,PMBTA-9,
plate1,276.0,F7,62.0,testdata_251109-GOx-1.csv,F,PMBTA-9,
plate1,306.0,F7,78.0,testdata_251109-GOx-1.csv,F,PMBTA-9,
plate1,336.0,F7,70.0,testdata_251109-GOx-1.csv,F,PMBTA-9,
plate1,366.0,F7,74.0,testdata_251109-GOx-1.csv,F,PMBTA-9,
plate1,396.0,F7,80.0,testdata_251109-GOx-1.csv,F,PMBTA-9,
plate1,426.0,F7,110.0,testdata_251109-GOx-1.csv,F,PMBTA-9,
plate1,456.0,F7,126.0,testdata_251109-GOx-1.csv,F,PMBTA-9,
plate1,486.0,F7,88.0,testdata_251109-GOx-1.csv,F,PMBTA-9,
plate1,516.0,F7,116.0,testdata_251109-GOx-1.csv,F,PMBTA-9,
plate1,546.0,F7,128.0,testdata_251109-GOx-1.csv,F,PMBTA-9,
plate1,576.0,F7,136.0,testdata_251109-GOx-1.csv,F,PMBTA-9,
plate1,606.0,F7,116.0,testdata_251109-GOx-1.csv,F,PMBTA-9,
plate1,6.0,G1,136.0,testdata_251109-GOx-1.csv,G,PMBTA-10,
plate1,36.0,G1,212.0,testdata_251109-GOx-1.csv,G,PMBTA-10,
plate1,66.0,G1,380.0,testdata_251109-GOx-1.csv,G,PMBTA-10,
plate1,96.0,G1,502.0,testdata_251109-GOx-1.csv,G,PMBTA-10,
plate1,126.0,G1,592.0,testdata_251109-GOx-1.csv,G,PMBTA-10,
plate1,156.0,G1,684.0,testdata_251109-GOx-1.csv,G,PMBTA-10,
plate1,186.0,G1,680.0,testdata_251109-GOx-1.csv,G,PMBTA-10,
plate1,216.0,G1,824.0,testdata_251109-GOx-1.csv,G,PMBTA-10,
plate1,246.0,G1,750.0,testdata_251109-GOx-1.csv,G,PMBTA-10,
plate1,276.0,G1,670.0,testdata_251109-GOx-1.csv,G,PMBTA-10,
plate1,306.0,G1,598.0,testdata_251109-GOx-1.csv,G,PMBTA-10,
plate1,336.0,G1,578.0,testdata_251109-GOx-1.csv,G,PMBTA-10,
plate1,366.0,G1,544.0,testdata_251109-GOx-1.csv,G,PMBTA-10,
plate1,396.0,G1,446.0,testdata_251109-GOx-1.csv,G,PMBTA-10,
plate1,426.0,G1,462.0,testdata_251109-GOx-1.csv,G,PMBTA-10,
plate1,456.0,G1,422.0,testdata_251109-GOx-1.csv,G,PMBTA-10,
plate1,486.0,G1,340.0,testdata_251109-GOx-1.csv,G,PMBTA-10,
plate1,516.0,G1,320.0,testdata_251109-GOx-1.csv,G,PMBTA-10,
plate1,546.0,G1,322.0,testdata_251109-GOx-1.csv,G,PMBTA-10,
plate1,576.0,G1,256.0,testdata_251109-GOx-1.csv,G,PMBTA-10,
plate1,606.0,G1,258.0,testdata_251109-GOx-1.csv,G,PMBTA-10,
plate1,6.0,G2,154.0,testdata_251109-GOx-1.csv,G,PMBTA-10,
plate1,36.0,G2,198.0,testdata_251109-GOx-1.csv,G,PMBTA-10,
plate1,66.0,G2,322.0,testdata_251109-GOx-1.csv,G,PMBTA-10,
plate1,96.0,G2,442.0,testdata_251109-GOx-1.csv,G,PMBTA-10,
plate1,126.0,G2,526.0,testdata_251109-GOx-1.csv,G,PMBTA-10,
plate1,156.0,G2,638.0,testdata_251109-GOx-1.csv,G,PMBTA-10,
plate1,186.0,G2,672.0,testdata_251109-GOx-1.csv,G,PMBTA-10,
plate1,216.0,G2,738.0,testdata_251109-GOx-1.csv,G,PMBTA-10,
plate1,246.0,G2,796.0,testdata_251109-GOx-1.csv,G,PMBTA-10,
plate1,276.0,G2,780.0,testdata_251109-GOx-1.csv,G,PMBTA-10,
plate1,306.0,G2,720.0,testdata_251109-GOx-1.csv,G,PMBTA-10,
plate1,336.0,G2,630.0,testdata_251109-GOx-1.csv,G,PMBTA-10,
plate1,366.0,G2,624.0,testdata_251109-GOx-1.csv,G,PMBTA-10,
plate1,396.0,G2,558.0,testdata_251109-GOx-1.csv,G,PMBTA-10,
plate1,426.0,G2,500.0,testdata_251109-GOx-1.csv,G,PMBTA-10,
plate1,456.0,G2,464.0,testdata_251109-GOx-1.csv,G,PMBTA-10,
plate1,486.0,G2,412.0,testdata_251109-GOx-1.csv,G,PMBTA-10,
plate1,516.0,G2,390.0,testdata_251109-GOx-1.csv,G,PMBTA-10,
plate1,546.0,G2,368.0,testdata_251109-GOx-1.csv,G,PMBTA-10,
plate1,576.0,G2,316.0,testdata_251109-GOx-1.csv,G,PMBTA-10,
plate1,606.0,G2,290.0,testdata_251109-GOx-1.csv,G,PMBTA-10,
plate1,6.0,G3,82.0,testdata_251109-GOx-1.csv,G,PMBTA-10,
plate1,36.0,G3,142.0,testdata_251109-GOx-1.csv,G,PMBTA-10,
plate1,66.0,G3,198.0,testdata_251109-GOx-1.csv,G,PMBTA-10,
plate1,96.0,G3,248.0,testdata_251109-GOx-1.csv,G,PMBTA-10,
plate1,126.0,G3,298.0,testdata_251109-GOx-1.csv,G,PMBTA-10,
plate1,156.0,G3,354.0,testdata_251109-GOx-1.csv,G,PMBTA-10,
plate1,186.0,G3,392.0,testdata_251109-GOx-1.csv,G,PMBTA-10,
plate1,216.0,G3,480.0,testdata_251109-GOx-1.csv,G,PMBTA-10,
plate1,246.0,G3,472.0,testdata_251109-GOx-1.csv,G,PMBTA-10,
plate1,276.0,G3,538.0,testdata_251109-GOx-1.csv,G,PMBTA-10,
plate1,306.0,G3,626.0,testdata_251109-GOx-1.csv,G,PMBTA-10,
plate1,336.0,G3,614.0,testdata_251109-GOx-1.csv,G,PMBTA-10,
plate1,366.0,G3,654.0,testdata_251109-GOx-1.csv,G,PMBTA-10,
plate1,396.0,G3,748.0,testdata_251109-GOx-1.csv,G,PMBTA-10,
plate1,426.0,G3,752.0,testdata_251109-GOx-1.csv,G,PMBTA-10,
plate1,456.0,G3,756.0,testdata_251109-GOx-1.csv,G,PMBTA-10,
plate1,486.0,G3,832.0,testdata_251109-GOx-1.csv,G,PMBTA-10,
plate1,516.0,G3,758.0,testdata_251109-GOx-1.csv,G,PMBTA-10,
plate1,546.0,G3,730.0,testdata_251109-GOx-1.csv,G,PMBTA-10,
plate1,576.0,G3,662.0,testdata_251109-GOx-1.csv,G,PMBTA-10,
plate1,606.0,G3,692.0,testdata_251109-GOx-1.csv,G,PMBTA-10,
plate1,6.0,G4,66.0,testdata_251109-GOx-1.csv,G,PMBTA-10,
plate1,36.0,G4,88.0,testdata_251109-GOx-1.csv,G,PMBTA-10,
plate1,66.0,G4,120.0,testdata_251109-GOx-1.csv,G,PMBTA-10,
plate1,96.0,G4,150.0,testdata_251109-GOx-1.csv,G,PMBTA-10,
plate1,126.0,G4,176.0,testdata_251109-GOx-1.csv,G,PMBTA-10,
plate1,156.0,G4,226.0,testdata_251109-GOx-1.csv,G,PMBTA-10,
plate1,186.0,G4,246.0,testdata_251109-GOx-1.csv,G,PMBTA-10,
plate1,216.0,G4,320.0,testdata_251109-GOx-1.csv,G,PMBTA-10,
plate1,246.0,G4,290.0,testdata_251109-GOx-1.csv,G,PMBTA-10,
plate1,276.0,G4,364.0,testdata_251109-GOx-1.csv,G,PMBTA-10,
plate1,306.0,G4,396.0,testdata_251109-GOx-1.csv,G,PMBTA-10,
plate1,336.0,G4,470.0,testdata_251109-GOx-1.csv,G,PMBTA-10,
plate1,366.0,G4,456.0,testdata_251109-GOx-1.csv,G,PMBTA-10,
plate1,396.0,G4,484.0,testdata_251109-GOx-1.csv,G,PMBTA-10,
plate1,426.0,G4,502.0,testdata_251109-GOx-1.csv,G,PMBTA-10,
plate1,456.0,G4,558.0,testdata_251109-GOx-1.csv,G,PMBTA-10,
plate1,486.0,G4,482.0,testdata_251109-GOx-1.csv,G,PMBTA-10,
plate1,516.0,G4,550.0,testdata_251109-GOx-1.csv,G,PMBTA-10,
plate1,546.0,G4,674.0,testdata_251109-GOx-1.csv,G,PMBTA-10,
plate1,576.0,G4,656.0,testdata_251109-GOx-1.csv,G,PMBTA-10,
plate1,606.0,G4,678.0,testdata_251109-GOx-1.csv,G,PMBTA-10,
plate1,6.0,G5,42.0,testdata_251109-GOx-1.csv,G,PMBTA-10,
plate1,36.0,G5,50.0,testdata_251109-GOx-1.csv,G,PMBTA-10,
plate1,66.0,G5,70.0,testdata_251109-GOx-1.csv,G,PMBTA-10,
plate1,96.0,G5,108.0,testdata_251109-GOx-1.csv,G,PMBTA-10,
plate1,126.0,G5,126.0,testdata_251109-GOx-1.csv,G,PMBTA-10,
plate1,156.0,G5,130.0,testdata_251109-GOx-1.csv,G,PMBTA-10,
plate1,186.0,G5,144.0,testdata_251109-GOx-1.csv,G,PMBTA-10,
plate1,216.0,G5,158.0,testdata_251109-GOx-1.csv,G,PMBTA-10,
plate1,246.0,G5,182.0,testdata_251109-GOx-1.csv,G,PMBTA-10,
plate1,276.0,G5,192.0,testdata_251109-GOx-1.csv,G,PMBTA-10,
plate1,306.0,G5,242.0,testdata_251109-GOx-1.csv,G,PMBTA-10,
plate1,336.0,G5,234.0,testdata_251109-GOx-1.csv,G,PMBTA-10,
plate1,366.0,G5,282.0,testdata_251109-GOx-1.csv,G,PMBTA-10,
plate1,396.0,G5,272.0,testdata_251109-GOx-1.csv,G,PMBTA-10,
plate1,426.0,G5,330.0,testdata_251109-GOx-1.csv,G,PMBTA-10,
plate1,456.0,G5,300.0,testdata_251109-GOx-1.csv,G,PMBTA-10,
plate1,486.0,G5,310.0,testdata_251109-GOx-1.csv,G,PMBTA-10,
plate1,516.0,G5,356.0,testdata_251109-GOx-1.csv,G,PMBTA-10,
plate1,546.0,G5,390.0,testdata_251109-GOx-1.csv,G,PMBTA-10,
plate1,576.0,G5,378.0,testdata_251109-GOx-1.csv,G,PMBTA-10,
plate1,606.0,G5,412.0,testdata_251109-GOx-1.csv,G,PMBTA-10,
plate1,6.0,G6,22.0,testdata_251109-GOx-1.csv,G,PMBTA-10,
plate1,36.0,G6,20.0,testdata_251109-GOx-1.csv,G,PMBTA-10,
plate1,66.0,G6,28.0,testdata_251109-GOx-1.csv,G,PMBTA-10,
plate1,96.0,G6,40.0,testdata_251109-GOx-1.csv,G,PMBTA-10,
plate1,126.0,G6,40.0,testdata_251109-GOx-1.csv,G,PMBTA-10,
plate1,156.0,G6,26.0,testdata_251109-GOx-1.csv,G,PMBTA-10,
plate1,186.0,G6,32.0,testdata_251109-GOx-1.csv,G,PMBTA-10,
plate1,216.0,G6,50.0,testdata_251109-GOx-1.csv,G,PMBTA-10,
plate1,246.0,G6,38.0,testdata_251109-GOx-1.csv,G,PMBTA-10,
plate1,276.0,G6,54.0,testdata_251109-GOx-1.csv,G,PMBTA-10,
plate1,306.0,G6,42.0,testdata_251109-GOx-1.csv,G,PMBTA-10,
plate1,336.0,G6,42.0,testdata_251109-GOx-1.csv,G,PMBTA-10,
plate1,366.0,G6,48.0,testdata_251109-GOx-1.csv,G,PMBTA-10,
plate1,396.0,G6,76.0,testdata_251109-GOx-1.csv,G,PMBTA-10,
plate1,426.0,G6,74.0,testdata_251109-GOx-1.csv,G,PMBTA-10,
plate1,456.0,G6,76.0,testdata_251109-GOx-1.csv,G,PMBTA-10,
plate1,486.0,G6,88.0,testdata_251109-GOx-1.csv,G,PMBTA-10,
plate1,516.0,G6,84.0,testdata_251109-GOx-1.csv,G,PMBTA-10,
plate1,546.0,G6,74.0,testdata_251109-GOx-1.csv,G,PMBTA-10,
plate1,576.0,G6,68.0,testdata_251109-GOx-1.csv,G,PMBTA-10,
plate1,606.0,G6,94.0,testdata_251109-GOx-1.csv,G,PMBTA-10,
plate1,6.0,G7,14.0,testdata_251109-GOx-1.csv,G,PMBTA-10,
plate1,36.0,G7,18.0,testdata_251109-GOx-1.csv,G,PMBTA-10,
plate1,66.0,G7,22.0,testdata_251109-GOx-1.csv,G,PMBTA-10,
plate1,96.0,G7,28.0,testdata_251109-GOx-1.csv,G,PMBTA-10,
plate1,126.0,G7,26.0,testdata_251109-GOx-1.csv,G,PMBTA-10,
plate1,156.0,G7,28.0,testdata_251109-GOx-1.csv,G,PMBTA-10,
plate1,186.0,G7,28.0,testdata_251109-GOx-1.csv,G,PMBTA-10,
plate1,216.0,G7,32.0,testdata_251109-GOx-1.csv,G,PMBTA-10,
plate1,246.0,G7,24.0,testdata_251109-GOx-1.csv,G,PMBTA-10,
plate1,276.0,G7,24.0,testdata_251109-GOx-1.csv,G,PMBTA-10,
plate1,306.0,G7,32.0,testdata_251109-GOx-1.csv,G,PMBTA-10,
plate1,336.0,G7,24.0,testdata_251109-GOx-1.csv,G,PMBTA-10,
plate1,366.0,G7,28.0,testdata_251109-GOx-1.csv,G,PMBTA-10,
plate1,396.0,G7,32.0,testdata_251109-GOx-1.csv,G,PMBTA-10,
plate1,426.0,G7,44.0,testdata_251109-GOx-1.csv,G,PMBTA-10,
plate1,456.0,G7,48.0,testdata_251109-GOx-1.csv,G,PMBTA-10,
plate1,486.0,G7,32.0,testdata_251109-GOx-1.csv,G,PMBTA-10,
plate1,516.0,G7,36.0,testdata_251109-GOx-1.csv,G,PMBTA-10,
plate1,546.0,G7,34.0,testdata_251109-GOx-1.csv,G,PMBTA-10,
plate1,576.0,G7,52.0,testdata_251109-GOx-1.csv,G,PMBTA-10,
plate1,606.0,G7,38.0,testdata_251109-GOx-1.csv,G,PMBTA-10,
plate1,6.0,H1,312.0,testdata_251109-GOx-1.csv,H,PMBTA-11,
plate1,36.0,H1,504.0,testdata_251109-GOx-1.csv,H,PMBTA-11,
plate1,66.0,H1,708.0,testdata_251109-GOx-1.csv,H,PMBTA-11,
plate1,96.0,H1,766.0,testdata_251109-GOx-1.csv,H,PMBTA-11,
plate1,126.0,H1,714.0,testdata_251109-GOx-1.csv,H,PMBTA-11,
plate1,156.0,H1,698.0,testdata_251109-GOx-1.csv,H,PMBTA-11,
plate1,186.0,H1,682.0,testdata_251109-GOx-1.csv,H,PMBTA-11,
plate1,216.0,H1,560.0,testdata_251109-GOx-1.csv,H,PMBTA-11,
plate1,246.0,H1,490.0,testdata_251109-GOx-1.csv,H,PMBTA-11,
plate1,276.0,H1,476.0,testdata_251109-GOx-1.csv,H,PMBTA-11,
plate1,306.0,H1,438.0,testdata_251109-GOx-1.csv,H,PMBTA-11,
plate1,336.0,H1,404.0,testdata_251109-GOx-1.csv,H,PMBTA-11,
plate1,366.0,H1,416.0,testdata_251109-GOx-1.csv,H,PMBTA-11,
plate1,396.0,H1,340.0,testdata_251109-GOx-1.csv,H,PMBTA-11,
plate1,426.0,H1,300.0,testdata_251109-GOx-1.csv,H,PMBTA-11,
plate1,456.0,H1,286.0,testdata_251109-GOx-1.csv,H,PMBTA-11,
plate1,486.0,H1,280.0,testdata_251109-GOx-1.csv,H,PMBTA-11,
plate1,516.0,H1,244.0,testdata_251109-GOx-1.csv,H,PMBTA-11,
plate1,546.0,H1,268.0,testdata_251109-GOx-1.csv,H,PMBTA-11,
plate1,576.0,H1,236.0,testdata_251109-GOx-1.csv,H,PMBTA-11,
plate1,606.0,H1,192.0,testdata_251109-GOx-1.csv,H,PMBTA-11,
plate1,6.0,H2,346.0,testdata_251109-GOx-1.csv,H,PMBTA-11,
plate1,36.0,H2,532.0,testdata_251109-GOx-1.csv,H,PMBTA-11,
plate1,66.0,H2,674.0,testdata_251109-GOx-1.csv,H,PMBTA-11,
plate1,96.0,H2,752.0,testdata_251109-GOx-1.csv,H,PMBTA-11,
plate1,126.0,H2,774.0,testdata_251109-GOx-1.csv,H,PMBTA-11,
plate1,156.0,H2,678.0,testdata_251109-GOx-1.csv,H,PMBTA-11,
plate1,186.0,H2,654.0,testdata_251109-GOx-1.csv,H,PMBTA-11,
plate1,216.0,H2,614.0,testdata_251109-GOx-1.csv,H,PMBTA-11,
plate1,246.0,H2,562.0,testdata_251109-GOx-1.csv,H,PMBTA-11,
plate1,276.0,H2,498.0,testdata_251109-GOx-1.csv,H,PMBTA-11,
plate1,306.0,H2,396.0,testdata_251109-GOx-1.csv,H,PMBTA-11,
plate1,336.0,H2,424.0,testdata_251109-GOx-1.csv,H,PMBTA-11,
plate1,366.0,H2,386.0,testdata_251109-GOx-1.csv,H,PMBTA-11,
plate1,396.0,H2,340.0,testdata_251109-GOx-1.csv,H,PMBTA-11,
plate1,426.0,H2,358.0,testdata_251109-GOx-1.csv,H,PMBTA-11,
plate1,456.0,H2,302.0,testdata_251109-GOx-1.csv,H,PMBTA-11,
plate1,486.0,H2,306.0,testdata_251109-GOx-1.csv,H,PMBTA-11,
plate1,516.0,H2,278.0,testdata_251109-GOx-1.csv,H,PMBTA-11,
plate1,546.0,H2,236.0,testdata_251109-GOx-1.csv,H,PMBTA-11,
plate1,576.0,H2,252.0,testdata_251109-GOx-1.csv,H,PMBTA-11,
plate1,606.0,H2,194.0,testdata_251109-GOx-1.csv,H,PMBTA-11,
plate1,6.0,H3,260.0,testdata_251109-GOx-1.csv,H,PMBTA-11,
plate1,36.0,H3,426.0,testdata_251109-GOx-1.csv,H,PMBTA-11,
plate1,66.0,H3,596.0,testdata_251109-GOx-1.csv,H,PMBTA-11,
plate1,96.0,H3,622.0,testdata_251109-GOx-1.csv,H,PMBTA-11,
plate1,126.0,H3,748.0,testdata_251109-GOx-1.csv,H,PMBTA-11,
plate1,156.0,H3,826.0,testdata_251109-GOx-1.csv,H,PMBTA-11,
plate1,186.0,H3,740.0,testdata_251109-GOx-1.csv,H,PMBTA-11,
plate1,216.0,H3,674.0,testdata_251109-GOx-1.csv,H,PMBTA-11,
plate1,246.0,H3,650.0,testdata_251109-GOx-1.csv,H,PMBTA-11,
plate1,276.0,H3,544.0,testdata_251109-GOx-1.csv,H,PMBTA-11,
plate1,306.0,H3,494.0,testdata_251109-GOx-1.csv,H,PMBTA-11,
plate1,336.0,H3,458.0,testdata_251109-GOx-1.csv,H,PMBTA-11,
plate1,366.0,H3,432.0,testdata_251109-GOx-1.csv,H,PMBTA-11,
plate1,396.0,H3,408.0,testdata_251109-GOx-1.csv,H,PMBTA-11,
plate1,426.0,H3,374.0,testdata_251109-GOx-1.csv,H,PMBTA-11,
plate1,456.0,H3,370.0,testdata_251109-GOx-1.csv,H,PMBTA-11,
plate1,486.0,H3,338.0,testdata_251109-GOx-1.csv,H,PMBTA-11,
plate1,516.0,H3,316.0,testdata_251109-GOx-1.csv,H,PMBTA-11,
plate1,546.0,H3,280.0,testdata_251109-GOx-1.csv,H,PMBTA-11,
plate1,576.0,H3,254.0,testdata_251109-GOx-1.csv,H,PMBTA-11,
plate1,606.0,H3,268.0,testdata_251109-GOx-1.csv,H,PMBTA-11,
plate1,6.0,H4,164.0,testdata_251109-GOx-1.csv,H,PMBTA-11,
plate1,36.0,H4,268.0,testdata_251109-GOx-1.csv,H,PMBTA-11,
plate1,66.0,H4,372.0,testdata_251109-GOx-1.csv,H,PMBTA-11,
plate1,96.0,H4,466.0,testdata_251109-GOx-1.csv,H,PMBTA-11,
plate1,126.0,H4,534.0,testdata_251109-GOx-1.csv,H,PMBTA-11,
plate1,156.0,H4,622.0,testdata_251109-GOx-1.csv,H,PMBTA-11,
plate1,186.0,H4,664.0,testdata_251109-GOx-1.csv,H,PMBTA-11,
plate1,216.0,H4,770.0,testdata_251109-GOx-1.csv,H,PMBTA-11,
plate1,246.0,H4,748.0,testdata_251109-GOx-1.csv,H,PMBTA-11,
plate1,276.0,H4,758.0,testdata_251109-GOx-1.csv,H,PMBTA-11,
plate1,306.0,H4,706.0,testdata_251109-GOx-1.csv,H,PMBTA-11,
plate1,336.0,H4,570.0,testdata_251109-GOx-1.csv,H,PMBTA-11,
plate1,366.0,H4,604.0,testdata_251109-GOx-1.csv,H,PMBTA-11,
plate1,396.0,H4,500.0,testdata_251109-GOx-1.csv,H,PMBTA-11,
plate1,426.0,H4,470.0,testdata_251109-GOx-1.csv,H,PMBTA-11,
plate1,456.0,H4,448.0,testdata_251109-GOx-1.csv,H,PMBTA-11,
plate1,486.0,H4,406.0,testdata_251109-GOx-1.csv,H,PMBTA-11,
plate1,516.0,H4,366.0,testdata_251109-GOx-1.csv,H,PMBTA-11,
plate1,546.0,H4,368.0,testdata_251109-GOx-1.csv,H,PMBTA-11,
plate1,576.0,H4,318.0,testdata_251109-GOx-1.csv,H,PMBTA-11,
plate1,606.0,H4,314.0,testdata_251109-GOx-1.csv,H,PMBTA-11,
plate1,6.0,H5,160.0,testdata_251109-GOx-1.csv,H,PMBTA-11,
plate1,36.0,H5,212.0,testdata_251109-GOx-1.csv,H,PMBTA-11,
plate1,66.0,H5,264.0,testdata_251109-GOx-1.csv,H,PMBTA-11,
plate1,96.0,H5,334.0,testdata_251109-GOx-1.csv,H,PMBTA-11,
plate1,126.0,H5,400.0,testdata_251109-GOx-1.csv,H,PMBTA-11,
plate1,156.0,H5,488.0,testdata_251109-GOx-1.csv,H,PMBTA-11,
plate1,186.0,H5,468.0,testdata_251109-GOx-1.csv,H,PMBTA-11,
plate1,216.0,H5,580.0,testdata_251109-GOx-1.csv,H,PMBTA-11,
plate1,246.0,H5,650.0,testdata_251109-GOx-1.csv,H,PMBTA-11,
plate1,276.0,H5,644.0,testdata_251109-GOx-1.csv,H,PMBTA-11,
plate1,306.0,H5,742.0,testdata_251109-GOx-1.csv,H,PMBTA-11,
plate1,336.0,H5,710.0,testdata_251109-GOx-1.csv,H,PMBTA-11,
plate1,366.0,H5,756.0,testdata_251109-GOx-1.csv,H,PMBTA-11,
plate1,396.0,H5,762.0,testdata_251109-GOx-1.csv,H,PMBTA-11,
plate1,426.0,H5,738.0,testdata_251109-GOx-1.csv,H,PMBTA-11,
plate1,456.0,H5,670.0,testdata_251109-GOx-1.csv,H,PMBTA-11,
plate1,486.0,H5,702.0,testdata_251109-GOx-1.csv,H,PMBTA-11,
plate1,516.0,H5,610.0,testdata_251109-GOx-1.csv,H,PMBTA-11,
plate1,546.0,H5,584.0,testdata_251109-GOx-1.csv,H,PMBTA-11,
plate1,576.0,H5,554.0,testdata_251109-GOx-1.csv,H,PMBTA-11,
plate1,606.0,H5,446.0,testdata_251109-GOx-1.csv,H,PMBTA-11,
plate1,6.0,H6,44.0,testdata_251109-GOx-1.csv,H,PMBTA-11,
plate1,36.0,H6,64.0,testdata_251109-GOx-1.csv,H,PMBTA-11,
plate1,66.0,H6,104.0,testdata_251109-GOx-1.csv,H,PMBTA-11,
plate1,96.0,H6,102.0,testdata_251109-GOx-1.csv,H,PMBTA-11,
plate1,126.0,H6,144.0,testdata_251109-GOx-1.csv,H,PMBTA-11,
plate1,156.0,H6,156.0,testdata_251109-GOx-1.csv,H,PMBTA-11,
plate1,186.0,H6,172.0,testdata_251109-GOx-1.csv,H,PMBTA-11,
plate1,216.0,H6,190.0,testdata_251109-GOx-1.csv,H,PMBTA-11,
plate1,246.0,H6,200.0,testdata_251109-GOx-1.csv,H,PMBTA-11,
plate1,276.0,H6,236.0,testdata_251109-GOx-1.csv,H,PMBTA-11,
plate1,306.0,H6,260.0,testdata_251109-GOx-1.csv,H,PMBTA-11,
plate1,336.0,H6,274.0,testdata_251109-GOx-1.csv,H,PMBTA-11,
plate1,366.0,H6,294.0,testdata_251109-GOx-1.csv,H,PMBTA-11,
plate1,396.0,H6,294.0,testdata_251109-GOx-1.csv,H,PMBTA-11,
plate1,426.0,H6,334.0,testdata_251109-GOx-1.csv,H,PMBTA-11,
plate1,456.0,H6,336.0,testdata_251109-GOx-1.csv,H,PMBTA-11,
plate1,486.0,H6,370.0,testdata_251109-GOx-1.csv,H,PMBTA-11,
plate1,516.0,H6,406.0,testdata_251109-GOx-1.csv,H,PMBTA-11,
plate1,546.0,H6,390.0,testdata_251109-GOx-1.csv,H,PMBTA-11,
plate1,576.0,H6,396.0,testdata_251109-GOx-1.csv,H,PMBTA-11,
plate1,606.0,H6,424.0,testdata_251109-GOx-1.csv,H,PMBTA-11,
plate1,6.0,H7,20.0,testdata_251109-GOx-1.csv,H,PMBTA-11,
plate1,36.0,H7,48.0,testdata_251109-GOx-1.csv,H,PMBTA-11,
plate1,66.0,H7,38.0,testdata_251109-GOx-1.csv,H,PMBTA-11,
plate1,96.0,H7,42.0,testdata_251109-GOx-1.csv,H,PMBTA-11,
plate1,126.0,H7,50.0,testdata_251109-GOx-1.csv,H,PMBTA-11,
plate1,156.0,H7,62.0,testdata_251109-GOx-1.csv,H,PMBTA-11,
plate1,186.0,H7,54.0,testdata_251109-GOx-1.csv,H,PMBTA-11,
plate1,216.0,H7,64.0,testdata_251109-GOx-1.csv,H,PMBTA-11,
plate1,246.0,H7,70.0,testdata_251109-GOx-1.csv,H,PMBTA-11,
plate1,276.0,H7,84.0,testdata_251109-GOx-1.csv,H,PMBTA-11,
plate1,306.0,H7,100.0,testdata_251109-GOx-1.csv,H,PMBTA-11,
plate1,336.0,H7,100.0,testdata_251109-GOx-1.csv,H,PMBTA-11,
plate1,366.0,H7,82.0,testdata_251109-GOx-1.csv,H,PMBTA-11,
plate1,396.0,H7,116.0,testdata_251109-GOx-1.csv,H,PMBTA-11,
plate1,426.0,H7,116.0,testdata_251109-GOx-1.csv,H,PMBTA-11,
plate1,456.0,H7,124.0,testdata_251109-GOx-1.csv,H,PMBTA-11,
plate1,486.0,H7,118.0,testdata_251109-GOx-1.csv,H,PMBTA-11,
plate1,516.0,H7,130.0,testdata_251109-GOx-1.csv,H,PMBTA-11,
plate1,546.0,H7,158.0,testdata_251109-GOx-1.csv,H,PMBTA-11,
plate1,576.0,H7,138.0,testdata_251109-GOx-1.csv,H,PMBTA-11,
plate1,606.0,H7,138.0,testdata_251109-GOx-1.csv,H,PMBTA-11,
